<?xml version="1.0" encoding="UTF-8"?><gpx creator="Wikiloc - http://www.wikiloc.com" version="1.1" xmlns="http://www.topografix.com/GPX/1/1" xmlns:xsi="http://www.w3.org/2001/XMLSchema-instance" xsi:schemaLocation="http://www.topografix.com/GPX/1/1 http://www.topografix.com/GPX/1/1/gpx.xsd"><metadata><name><![CDATA[Falzarego]]></name><author><name><![CDATA[Serena Troisi 103652]]></name><link href="https://www.wikiloc.com/wikiloc/user.do?id=23154658"><text><![CDATA[Serena Troisi 103652 on Wikiloc]]></text></link></author><link href="https://www.wikiloc.com/wikiloc/view.do?id=289109319"><text><![CDATA[Falzarego on Wikiloc]]></text></link><time>2026-10-02T12:04:34Z</time></metadata><wpt lat="46.52033608797525" lon="12.009232363701969"><ele>2110.0</ele><name><![CDATA[Foto]]></name><cmt><![CDATA[Foto]]></cmt></wpt><wpt lat="46.52146208236316" lon="12.010021314775118"><ele>2148.0</ele><name><![CDATA[Foto]]></name><cmt><![CDATA[Foto]]></cmt></wpt><wpt lat="46.52186341053892" lon="12.011040566990081"><ele>2166.0</ele><name><![CDATA[Foto]]></name><cmt><![CDATA[Foto]]></cmt></wpt><wpt lat="46.52220111773312" lon="12.011914764745777"><ele>2175.0</ele><name><![CDATA[Foto]]></name><cmt><![CDATA[Foto]]></cmt></wpt><wpt lat="46.52342867122714" lon="12.014210056804716"><ele>2199.0</ele><name><![CDATA[Foto]]></name><cmt><![CDATA[Foto]]></cmt></wpt><wpt lat="46.524157280517954" lon="12.015863326872898"><ele>2222.0</ele><name><![CDATA[Foto]]></name><cmt><![CDATA[Foto]]></cmt></wpt><wpt lat="46.52498443336102" lon="12.017097930102226"><ele>2273.0</ele><name><![CDATA[Foto]]></name><cmt><![CDATA[Foto]]></cmt></wpt><wpt lat="46.52696705443193" lon="12.017356766348668"><ele>2331.0</ele><name><![CDATA[Foto]]></name><cmt><![CDATA[Foto]]></cmt></wpt><wpt lat="46.527964786835184" lon="12.01716999817288"><ele>2379.0</ele><name><![CDATA[Foto]]></name><cmt><![CDATA[Foto]]></cmt></wpt><wpt lat="46.528583188748684" lon="12.017040064322003"><ele>2407.0</ele><name><![CDATA[Foto]]></name><cmt><![CDATA[Foto]]></cmt></wpt><wpt lat="46.52912515148839" lon="12.01881440204907"><ele>2421.0</ele><name><![CDATA[Foto]]></name><cmt><![CDATA[Foto]]></cmt></wpt><wpt lat="46.5292235308192" lon="12.01579277615486"><ele>2482.0</ele><name><![CDATA[Foto]]></name><cmt><![CDATA[Foto]]></cmt></wpt><wpt lat="46.52983205046315" lon="12.0143779090149"><ele>2527.0</ele><name><![CDATA[Foto]]></name><cmt><![CDATA[Foto]]></cmt></wpt><wpt lat="46.53003485624144" lon="12.01226034861271"><ele>2588.0</ele><name><![CDATA[Foto]]></name><cmt><![CDATA[Foto]]></cmt></wpt><wpt lat="46.52887751061341" lon="12.011466851680398"><ele>2665.0</ele><name><![CDATA[Foto]]></name><cmt><![CDATA[Foto]]></cmt></wpt><wpt lat="46.528163125604515" lon="12.010659589462852"><ele>2690.0</ele><name><![CDATA[Foto]]></name><cmt><![CDATA[Foto]]></cmt></wpt><wpt lat="46.52726798560467" lon="12.011457784061182"><ele>2715.0</ele><name><![CDATA[Foto]]></name><cmt><![CDATA[Foto]]></cmt></wpt><wpt lat="46.52761497139758" lon="12.009821341898846"><ele>2734.0</ele><name><![CDATA[Foto]]></name><cmt><![CDATA[Foto]]></cmt></wpt><trk><name><![CDATA[Falzarego]]></name><trkseg><trkpt lat="46.519985999999996" lon="12.008771999999999"><ele>2115.449</ele><time>2026-10-02T12:04:34Z</time></trkpt><trkpt lat="46.520028999999994" lon="12.008800999999998"><ele>2090.202</ele><time>2026-10-02T12:05:10Z</time></trkpt><trkpt lat="46.520050999999995" lon="12.008870999999997"><ele>2065.222</ele><time>2026-10-02T12:05:16Z</time></trkpt><trkpt lat="46.520089999999996" lon="12.008902999999997"><ele>2065.209</ele><time>2026-10-02T12:05:22Z</time></trkpt><trkpt lat="46.520123" lon="12.008960999999996"><ele>2065.276</ele><time>2026-10-02T12:05:28Z</time></trkpt><trkpt lat="46.520165" lon="12.008989999999995"><ele>2065.412</ele><time>2026-10-02T12:05:32Z</time></trkpt><trkpt lat="46.520187" lon="12.009056999999995"><ele>2065.423</ele><time>2026-10-02T12:05:37Z</time></trkpt><trkpt lat="46.520224" lon="12.009116999999994"><ele>2065.625</ele><time>2026-10-02T12:05:43Z</time></trkpt><trkpt lat="46.520264" lon="12.009169999999994"><ele>2065.764</ele><time>2026-10-02T12:05:52Z</time></trkpt><trkpt lat="46.520291" lon="12.009232999999995"><ele>2065.723</ele><time>2026-10-02T12:05:59Z</time></trkpt><trkpt lat="46.520343" lon="12.009272999999995"><ele>2066.017</ele><time>2026-10-02T12:06:53Z</time></trkpt><trkpt lat="46.520388999999994" lon="12.009277999999995"><ele>2066.165</ele><time>2026-10-02T12:07:19Z</time></trkpt><trkpt lat="46.52043799999999" lon="12.009317999999995"><ele>2066.443</ele><time>2026-10-02T12:07:23Z</time></trkpt><trkpt lat="46.52045799999999" lon="12.009386999999995"><ele>2067.218</ele><time>2026-10-02T12:08:26Z</time></trkpt><trkpt lat="46.520363999999994" lon="12.009507999999995"><ele>2068.898</ele><time>2026-10-02T12:08:32Z</time></trkpt><trkpt lat="46.520571" lon="12.009519999999995"><ele>2070.517</ele><time>2026-10-02T12:09:28Z</time></trkpt><trkpt lat="46.520613999999995" lon="12.009554999999995"><ele>2071.809</ele><time>2026-10-02T12:09:35Z</time></trkpt><trkpt lat="46.520652" lon="12.009592999999995"><ele>2073.993</ele><time>2026-10-02T12:09:40Z</time></trkpt><trkpt lat="46.520686999999995" lon="12.009644999999995"><ele>2074.649</ele><time>2026-10-02T12:09:45Z</time></trkpt><trkpt lat="46.520734999999995" lon="12.009677999999996"><ele>2075.340</ele><time>2026-10-02T12:10:10Z</time></trkpt><trkpt lat="46.520768999999994" lon="12.009728999999995"><ele>2075.932</ele><time>2026-10-02T12:10:17Z</time></trkpt><trkpt lat="46.52081199999999" lon="12.009764999999994"><ele>2077.331</ele><time>2026-10-02T12:10:23Z</time></trkpt><trkpt lat="46.52086099999999" lon="12.009770999999995"><ele>2078.430</ele><time>2026-10-02T12:10:31Z</time></trkpt><trkpt lat="46.52090599999999" lon="12.009760999999996"><ele>2079.314</ele><time>2026-10-02T12:10:38Z</time></trkpt><trkpt lat="46.52094999999999" lon="12.009740999999996"><ele>2080.882</ele><time>2026-10-02T12:10:44Z</time></trkpt><trkpt lat="46.520993999999995" lon="12.009759999999996"><ele>2082.670</ele><time>2026-10-02T12:10:50Z</time></trkpt><trkpt lat="46.52102899999999" lon="12.009801999999997"><ele>2084.444</ele><time>2026-10-02T12:10:58Z</time></trkpt><trkpt lat="46.52107399999999" lon="12.009825999999997"><ele>2085.805</ele><time>2026-10-02T12:11:04Z</time></trkpt><trkpt lat="46.52111699999999" lon="12.009850999999998"><ele>2086.715</ele><time>2026-10-02T12:11:12Z</time></trkpt><trkpt lat="46.52116699999999" lon="12.009860999999997"><ele>2087.509</ele><time>2026-10-02T12:11:21Z</time></trkpt><trkpt lat="46.52120999999999" lon="12.009891999999997"><ele>2088.546</ele><time>2026-10-02T12:11:28Z</time></trkpt><trkpt lat="46.52124799999999" lon="12.009930999999996"><ele>2090.072</ele><time>2026-10-02T12:11:35Z</time></trkpt><trkpt lat="46.52127699999999" lon="12.009982999999997"><ele>2091.323</ele><time>2026-10-02T12:11:42Z</time></trkpt><trkpt lat="46.52131699999999" lon="12.010021999999996"><ele>2092.225</ele><time>2026-10-02T12:11:51Z</time></trkpt><trkpt lat="46.52135599999999" lon="12.010061999999996"><ele>2093.344</ele><time>2026-10-02T12:12:00Z</time></trkpt><trkpt lat="46.52139799999999" lon="12.010033999999996"><ele>2094.783</ele><time>2026-10-02T12:12:38Z</time></trkpt><trkpt lat="46.52144299999999" lon="12.010039999999996"><ele>2096.317</ele><time>2026-10-02T12:13:29Z</time></trkpt><trkpt lat="46.52144399999999" lon="12.009970999999997"><ele>2097.585</ele><time>2026-10-02T12:13:35Z</time></trkpt><trkpt lat="46.521458999999986" lon="12.010032999999996"><ele>2098.653</ele><time>2026-10-02T12:14:22Z</time></trkpt><trkpt lat="46.52146699999999" lon="12.010100999999997"><ele>2099.622</ele><time>2026-10-02T12:14:26Z</time></trkpt><trkpt lat="46.52149199999999" lon="12.010155999999997"><ele>2100.062</ele><time>2026-10-02T12:14:32Z</time></trkpt><trkpt lat="46.52151499999999" lon="12.010215999999996"><ele>2100.108</ele><time>2026-10-02T12:15:02Z</time></trkpt><trkpt lat="46.52154299999999" lon="12.010278999999997"><ele>2100.509</ele><time>2026-10-02T12:15:07Z</time></trkpt><trkpt lat="46.52157599999999" lon="12.010331999999996"><ele>2101.484</ele><time>2026-10-02T12:15:12Z</time></trkpt><trkpt lat="46.52160199999999" lon="12.010386999999996"><ele>2102.380</ele><time>2026-10-02T12:15:17Z</time></trkpt><trkpt lat="46.521605999999984" lon="12.010465999999996"><ele>2103.171</ele><time>2026-10-02T12:15:41Z</time></trkpt><trkpt lat="46.521636999999984" lon="12.010518999999995"><ele>2103.943</ele><time>2026-10-02T12:15:45Z</time></trkpt><trkpt lat="46.521652999999986" lon="12.010581999999996"><ele>2104.952</ele><time>2026-10-02T12:15:50Z</time></trkpt><trkpt lat="46.52167499999999" lon="12.010639999999995"><ele>2105.771</ele><time>2026-10-02T12:15:54Z</time></trkpt><trkpt lat="46.52169699999999" lon="12.010698999999995"><ele>2106.465</ele><time>2026-10-02T12:15:59Z</time></trkpt><trkpt lat="46.52171999999999" lon="12.010760999999995"><ele>2107.373</ele><time>2026-10-02T12:16:04Z</time></trkpt><trkpt lat="46.52174299999999" lon="12.010816999999996"><ele>2108.311</ele><time>2026-10-02T12:16:09Z</time></trkpt><trkpt lat="46.52176999999999" lon="12.010881999999995"><ele>2109.237</ele><time>2026-10-02T12:16:15Z</time></trkpt><trkpt lat="46.52179199999999" lon="12.010942999999996"><ele>2110.149</ele><time>2026-10-02T12:16:22Z</time></trkpt><trkpt lat="46.52183699999999" lon="12.010918999999996"><ele>2111.313</ele><time>2026-10-02T12:17:15Z</time></trkpt><trkpt lat="46.52182699999999" lon="12.010848999999997"><ele>2112.509</ele><time>2026-10-02T12:17:46Z</time></trkpt><trkpt lat="46.52184699999999" lon="12.010923999999997"><ele>2113.675</ele><time>2026-10-02T12:18:28Z</time></trkpt><trkpt lat="46.521838999999986" lon="12.010994999999998"><ele>2114.591</ele><time>2026-10-02T12:19:16Z</time></trkpt><trkpt lat="46.52183199999999" lon="12.011070999999998"><ele>2115.092</ele><time>2026-10-02T12:19:21Z</time></trkpt><trkpt lat="46.52187499999999" lon="12.011114999999998"><ele>2115.154</ele><time>2026-10-02T12:19:40Z</time></trkpt><trkpt lat="46.521909999999984" lon="12.011162999999998"><ele>2115.683</ele><time>2026-10-02T12:19:46Z</time></trkpt><trkpt lat="46.521861999999985" lon="12.011142999999999"><ele>2116.372</ele><time>2026-10-02T12:19:52Z</time></trkpt><trkpt lat="46.521909999999984" lon="12.011209999999998"><ele>2117.356</ele><time>2026-10-02T12:19:56Z</time></trkpt><trkpt lat="46.52194499999998" lon="12.011264999999998"><ele>2117.944</ele><time>2026-10-02T12:19:59Z</time></trkpt><trkpt lat="46.52196699999998" lon="12.011334999999997"><ele>2118.422</ele><time>2026-10-02T12:20:04Z</time></trkpt><trkpt lat="46.521979999999985" lon="12.011400999999998"><ele>2118.679</ele><time>2026-10-02T12:20:10Z</time></trkpt><trkpt lat="46.52199499999998" lon="12.011472999999997"><ele>2119.505</ele><time>2026-10-02T12:20:16Z</time></trkpt><trkpt lat="46.52201999999998" lon="12.011529999999997"><ele>2120.025</ele><time>2026-10-02T12:20:22Z</time></trkpt><trkpt lat="46.52204299999998" lon="12.011590999999997"><ele>2120.809</ele><time>2026-10-02T12:20:28Z</time></trkpt><trkpt lat="46.52207199999998" lon="12.011650999999997"><ele>2121.589</ele><time>2026-10-02T12:20:33Z</time></trkpt><trkpt lat="46.52209999999998" lon="12.011712999999997"><ele>2122.085</ele><time>2026-10-02T12:20:39Z</time></trkpt><trkpt lat="46.52212099999998" lon="12.011775999999998"><ele>2122.226</ele><time>2026-10-02T12:20:45Z</time></trkpt><trkpt lat="46.522149999999975" lon="12.011831999999998"><ele>2122.338</ele><time>2026-10-02T12:20:52Z</time></trkpt><trkpt lat="46.52217099999997" lon="12.011889999999998"><ele>2122.677</ele><time>2026-10-02T12:20:59Z</time></trkpt><trkpt lat="46.52220799999997" lon="12.011937999999997"><ele>2122.996</ele><time>2026-10-02T12:21:48Z</time></trkpt><trkpt lat="46.52224799999997" lon="12.011978999999997"><ele>2123.480</ele><time>2026-10-02T12:22:05Z</time></trkpt><trkpt lat="46.52223299999997" lon="12.012046999999997"><ele>2124.438</ele><time>2026-10-02T12:22:13Z</time></trkpt><trkpt lat="46.52222999999997" lon="12.012114999999998"><ele>2125.236</ele><time>2026-10-02T12:22:24Z</time></trkpt><trkpt lat="46.52221299999997" lon="12.012182999999999"><ele>2125.221</ele><time>2026-10-02T12:22:36Z</time></trkpt><trkpt lat="46.52227299999997" lon="12.012185999999998"><ele>2125.341</ele><time>2026-10-02T12:23:23Z</time></trkpt><trkpt lat="46.52232299999997" lon="12.012202999999998"><ele>2125.405</ele><time>2026-10-02T12:23:30Z</time></trkpt><trkpt lat="46.522369999999974" lon="12.012207999999998"><ele>2125.509</ele><time>2026-10-02T12:24:08Z</time></trkpt><trkpt lat="46.522408999999975" lon="12.012253999999997"><ele>2125.894</ele><time>2026-10-02T12:24:21Z</time></trkpt><trkpt lat="46.52245199999997" lon="12.012279999999997"><ele>2126.820</ele><time>2026-10-02T12:24:26Z</time></trkpt><trkpt lat="46.52258199999997" lon="12.012512999999997"><ele>2128.291</ele><time>2026-10-02T12:24:58Z</time></trkpt><trkpt lat="46.52264699999997" lon="12.012494999999996"><ele>2130.963</ele><time>2026-10-02T12:24:59Z</time></trkpt><trkpt lat="46.522687999999974" lon="12.012456999999996"><ele>2130.992</ele><time>2026-10-02T12:25:01Z</time></trkpt><trkpt lat="46.522729999999974" lon="12.012412999999995"><ele>2131.061</ele><time>2026-10-02T12:25:25Z</time></trkpt><trkpt lat="46.52273999999998" lon="12.012484999999995"><ele>2131.115</ele><time>2026-10-02T12:25:34Z</time></trkpt><trkpt lat="46.52273999999998" lon="12.012555999999995"><ele>2131.713</ele><time>2026-10-02T12:25:41Z</time></trkpt><trkpt lat="46.52278199999998" lon="12.012597999999995"><ele>2132.341</ele><time>2026-10-02T12:25:46Z</time></trkpt><trkpt lat="46.52282599999998" lon="12.012631999999995"><ele>2132.658</ele><time>2026-10-02T12:25:50Z</time></trkpt><trkpt lat="46.52286499999998" lon="12.012682999999994"><ele>2133.052</ele><time>2026-10-02T12:25:55Z</time></trkpt><trkpt lat="46.52289899999998" lon="12.012729999999994"><ele>2133.417</ele><time>2026-10-02T12:26:01Z</time></trkpt><trkpt lat="46.52294799999998" lon="12.012803999999994"><ele>2134.209</ele><time>2026-10-02T12:26:04Z</time></trkpt><trkpt lat="46.52299499999998" lon="12.012825999999993"><ele>2134.637</ele><time>2026-10-02T12:26:08Z</time></trkpt><trkpt lat="46.52302899999998" lon="12.012875999999993"><ele>2135.173</ele><time>2026-10-02T12:26:16Z</time></trkpt><trkpt lat="46.52305799999998" lon="12.012946999999993"><ele>2135.814</ele><time>2026-10-02T12:26:24Z</time></trkpt><trkpt lat="46.52307099999998" lon="12.013015999999993"><ele>2136.896</ele><time>2026-10-02T12:26:29Z</time></trkpt><trkpt lat="46.52306999999998" lon="12.013083999999994"><ele>2137.085</ele><time>2026-10-02T12:26:34Z</time></trkpt><trkpt lat="46.523093999999986" lon="12.013145999999994"><ele>2137.444</ele><time>2026-10-02T12:26:39Z</time></trkpt><trkpt lat="46.523119999999984" lon="12.013202999999994"><ele>2137.888</ele><time>2026-10-02T12:26:52Z</time></trkpt><trkpt lat="46.52314599999998" lon="12.013257999999993"><ele>2138.146</ele><time>2026-10-02T12:26:57Z</time></trkpt><trkpt lat="46.523189999999985" lon="12.013274999999993"><ele>2138.714</ele><time>2026-10-02T12:27:02Z</time></trkpt><trkpt lat="46.52321699999999" lon="12.013334999999993"><ele>2139.369</ele><time>2026-10-02T12:27:08Z</time></trkpt><trkpt lat="46.523248999999986" lon="12.013394999999992"><ele>2139.504</ele><time>2026-10-02T12:27:13Z</time></trkpt><trkpt lat="46.52326699999998" lon="12.013465999999992"><ele>2139.924</ele><time>2026-10-02T12:27:20Z</time></trkpt><trkpt lat="46.523293999999986" lon="12.013528999999993"><ele>2140.609</ele><time>2026-10-02T12:27:25Z</time></trkpt><trkpt lat="46.52331499999998" lon="12.013587999999993"><ele>2141.458</ele><time>2026-10-02T12:27:30Z</time></trkpt><trkpt lat="46.52330999999998" lon="12.013654999999993"><ele>2142.384</ele><time>2026-10-02T12:27:37Z</time></trkpt><trkpt lat="46.52331299999998" lon="12.013726999999992"><ele>2143.285</ele><time>2026-10-02T12:27:42Z</time></trkpt><trkpt lat="46.52331699999998" lon="12.013795999999992"><ele>2144.187</ele><time>2026-10-02T12:27:48Z</time></trkpt><trkpt lat="46.52333699999998" lon="12.013857999999992"><ele>2145.056</ele><time>2026-10-02T12:27:51Z</time></trkpt><trkpt lat="46.523359999999975" lon="12.013918999999992"><ele>2145.855</ele><time>2026-10-02T12:27:56Z</time></trkpt><trkpt lat="46.52339499999997" lon="12.013962999999993"><ele>2146.329</ele><time>2026-10-02T12:28:08Z</time></trkpt><trkpt lat="46.52338099999997" lon="12.014029999999993"><ele>2146.747</ele><time>2026-10-02T12:28:39Z</time></trkpt><trkpt lat="46.523390999999975" lon="12.014095999999993"><ele>2147.685</ele><time>2026-10-02T12:28:45Z</time></trkpt><trkpt lat="46.52339499999997" lon="12.014163999999994"><ele>2148.227</ele><time>2026-10-02T12:29:03Z</time></trkpt><trkpt lat="46.52344599999997" lon="12.014206999999994"><ele>2148.468</ele><time>2026-10-02T12:29:18Z</time></trkpt><trkpt lat="46.52343299999997" lon="12.014282999999994"><ele>2149.214</ele><time>2026-10-02T12:29:25Z</time></trkpt><trkpt lat="46.52344199999997" lon="12.014360999999994"><ele>2150.609</ele><time>2026-10-02T12:29:32Z</time></trkpt><trkpt lat="46.52346099999997" lon="12.014438999999994"><ele>2151.324</ele><time>2026-10-02T12:29:39Z</time></trkpt><trkpt lat="46.52344499999997" lon="12.014501999999995"><ele>2152.620</ele><time>2026-10-02T12:29:45Z</time></trkpt><trkpt lat="46.52341299999997" lon="12.014558999999995"><ele>2153.041</ele><time>2026-10-02T12:29:49Z</time></trkpt><trkpt lat="46.52345699999997" lon="12.014539999999995"><ele>2153.933</ele><time>2026-10-02T12:29:59Z</time></trkpt><trkpt lat="46.523494999999976" lon="12.014575999999995"><ele>2154.712</ele><time>2026-10-02T12:30:28Z</time></trkpt><trkpt lat="46.52354099999997" lon="12.014583999999994"><ele>2155.291</ele><time>2026-10-02T12:30:33Z</time></trkpt><trkpt lat="46.523579999999974" lon="12.014631999999994"><ele>2155.485</ele><time>2026-10-02T12:30:37Z</time></trkpt><trkpt lat="46.523607999999975" lon="12.014707999999994"><ele>2155.643</ele><time>2026-10-02T12:30:41Z</time></trkpt><trkpt lat="46.523635999999975" lon="12.014766999999994"><ele>2155.941</ele><time>2026-10-02T12:30:45Z</time></trkpt><trkpt lat="46.523655999999974" lon="12.014837999999994"><ele>2156.371</ele><time>2026-10-02T12:30:50Z</time></trkpt><trkpt lat="46.52368799999997" lon="12.014890999999993"><ele>2156.841</ele><time>2026-10-02T12:30:54Z</time></trkpt><trkpt lat="46.523683999999975" lon="12.014961999999993"><ele>2157.415</ele><time>2026-10-02T12:31:00Z</time></trkpt><trkpt lat="46.523717999999974" lon="12.015022999999994"><ele>2158.009</ele><time>2026-10-02T12:31:08Z</time></trkpt><trkpt lat="46.523745999999974" lon="12.015087999999993"><ele>2158.739</ele><time>2026-10-02T12:31:13Z</time></trkpt><trkpt lat="46.52376699999997" lon="12.015163999999993"><ele>2159.645</ele><time>2026-10-02T12:32:09Z</time></trkpt><trkpt lat="46.523776999999974" lon="12.015228999999993"><ele>2160.556</ele><time>2026-10-02T12:32:14Z</time></trkpt><trkpt lat="46.523804999999975" lon="12.015280999999993"><ele>2161.678</ele><time>2026-10-02T12:32:20Z</time></trkpt><trkpt lat="46.523826999999976" lon="12.015345999999992"><ele>2162.587</ele><time>2026-10-02T12:32:26Z</time></trkpt><trkpt lat="46.52385399999998" lon="12.015408999999993"><ele>2163.136</ele><time>2026-10-02T12:32:45Z</time></trkpt><trkpt lat="46.52388699999998" lon="12.015464999999994"><ele>2163.960</ele><time>2026-10-02T12:32:52Z</time></trkpt><trkpt lat="46.52390699999998" lon="12.015533999999993"><ele>2165.048</ele><time>2026-10-02T12:32:56Z</time></trkpt><trkpt lat="46.52390099999998" lon="12.015602999999993"><ele>2165.966</ele><time>2026-10-02T12:33:02Z</time></trkpt><trkpt lat="46.523927999999984" lon="12.015655999999993"><ele>2166.516</ele><time>2026-10-02T12:33:07Z</time></trkpt><trkpt lat="46.523960999999986" lon="12.015704999999993"><ele>2167.276</ele><time>2026-10-02T12:33:14Z</time></trkpt><trkpt lat="46.52398999999998" lon="12.015757999999993"><ele>2167.913</ele><time>2026-10-02T12:33:20Z</time></trkpt><trkpt lat="46.524031999999984" lon="12.015795999999993"><ele>2168.509</ele><time>2026-10-02T12:33:26Z</time></trkpt><trkpt lat="46.524073999999985" lon="12.015843999999992"><ele>2169.323</ele><time>2026-10-02T12:33:33Z</time></trkpt><trkpt lat="46.524123999999986" lon="12.015862999999992"><ele>2170.069</ele><time>2026-10-02T12:33:41Z</time></trkpt><trkpt lat="46.52417999999999" lon="12.015853999999992"><ele>2170.810</ele><time>2026-10-02T12:34:04Z</time></trkpt><trkpt lat="46.52421599999999" lon="12.015903999999992"><ele>2172.082</ele><time>2026-10-02T12:34:15Z</time></trkpt><trkpt lat="46.524261999999986" lon="12.015903999999992"><ele>2173.541</ele><time>2026-10-02T12:34:40Z</time></trkpt><trkpt lat="46.524289999999986" lon="12.015959999999993"><ele>2174.750</ele><time>2026-10-02T12:34:45Z</time></trkpt><trkpt lat="46.52426599999998" lon="12.016017999999992"><ele>2175.884</ele><time>2026-10-02T12:34:50Z</time></trkpt><trkpt lat="46.52429199999998" lon="12.016070999999991"><ele>2176.672</ele><time>2026-10-02T12:34:57Z</time></trkpt><trkpt lat="46.52432099999998" lon="12.016120999999991"><ele>2176.930</ele><time>2026-10-02T12:35:06Z</time></trkpt><trkpt lat="46.52436399999998" lon="12.016143999999992"><ele>2177.581</ele><time>2026-10-02T12:35:29Z</time></trkpt><trkpt lat="46.52440299999998" lon="12.016186999999992"><ele>2178.761</ele><time>2026-10-02T12:36:10Z</time></trkpt><trkpt lat="46.52442599999998" lon="12.01625699999999"><ele>2180.217</ele><time>2026-10-02T12:36:32Z</time></trkpt><trkpt lat="46.52447899999998" lon="12.01625699999999"><ele>2181.709</ele><time>2026-10-02T12:36:40Z</time></trkpt><trkpt lat="46.52452599999998" lon="12.01627099999999"><ele>2183.240</ele><time>2026-10-02T12:36:49Z</time></trkpt><trkpt lat="46.52456999999998" lon="12.01625499999999"><ele>2184.326</ele><time>2026-10-02T12:36:56Z</time></trkpt><trkpt lat="46.524607999999986" lon="12.01629099999999"><ele>2185.537</ele><time>2026-10-02T12:37:03Z</time></trkpt><trkpt lat="46.52464699999999" lon="12.01633599999999"><ele>2187.159</ele><time>2026-10-02T12:37:11Z</time></trkpt><trkpt lat="46.52469099999999" lon="12.01636499999999"><ele>2188.788</ele><time>2026-10-02T12:37:21Z</time></trkpt><trkpt lat="46.52474299999999" lon="12.01640099999999"><ele>2190.487</ele><time>2026-10-02T12:37:29Z</time></trkpt><trkpt lat="46.52478799999999" lon="12.016448999999989"><ele>2192.391</ele><time>2026-10-02T12:37:41Z</time></trkpt><trkpt lat="46.52483199999999" lon="12.016460999999989"><ele>2194.289</ele><time>2026-10-02T12:37:48Z</time></trkpt><trkpt lat="46.52487699999999" lon="12.016489999999989"><ele>2196.437</ele><time>2026-10-02T12:37:57Z</time></trkpt><trkpt lat="46.52490899999999" lon="12.016535999999988"><ele>2198.662</ele><time>2026-10-02T12:38:11Z</time></trkpt><trkpt lat="46.52492199999999" lon="12.016597999999988"><ele>2200.683</ele><time>2026-10-02T12:38:21Z</time></trkpt><trkpt lat="46.52496199999999" lon="12.016627999999988"><ele>2203.011</ele><time>2026-10-02T12:38:31Z</time></trkpt><trkpt lat="46.52497199999999" lon="12.016696999999988"><ele>2205.409</ele><time>2026-10-02T12:38:41Z</time></trkpt><trkpt lat="46.52500399999999" lon="12.016746999999988"><ele>2207.318</ele><time>2026-10-02T12:38:50Z</time></trkpt><trkpt lat="46.52495399999999" lon="12.016763999999988"><ele>2209.044</ele><time>2026-10-02T12:38:59Z</time></trkpt><trkpt lat="46.52499499999999" lon="12.016816999999987"><ele>2211.045</ele><time>2026-10-02T12:39:06Z</time></trkpt><trkpt lat="46.52497399999999" lon="12.016880999999987"><ele>2212.547</ele><time>2026-10-02T12:39:14Z</time></trkpt><trkpt lat="46.524939999999994" lon="12.016925999999987"><ele>2213.486</ele><time>2026-10-02T12:39:20Z</time></trkpt><trkpt lat="46.524953999999994" lon="12.016989999999987"><ele>2214.765</ele><time>2026-10-02T12:39:31Z</time></trkpt><trkpt lat="46.524953999999994" lon="12.017060999999988"><ele>2216.189</ele><time>2026-10-02T12:39:42Z</time></trkpt><trkpt lat="46.52498299999999" lon="12.017120999999987"><ele>2217.427</ele><time>2026-10-02T12:39:54Z</time></trkpt><trkpt lat="46.524995999999994" lon="12.017195999999988"><ele>2219.275</ele><time>2026-10-02T12:40:30Z</time></trkpt><trkpt lat="46.524992" lon="12.017270999999988"><ele>2221.442</ele><time>2026-10-02T12:40:35Z</time></trkpt><trkpt lat="46.525022" lon="12.017332999999988"><ele>2222.722</ele><time>2026-10-02T12:41:28Z</time></trkpt><trkpt lat="46.525063" lon="12.017363999999988"><ele>2223.114</ele><time>2026-10-02T12:41:35Z</time></trkpt><trkpt lat="46.525103" lon="12.017422999999988"><ele>2224.809</ele><time>2026-10-02T12:42:11Z</time></trkpt><trkpt lat="46.525134" lon="12.017471999999989"><ele>2226.596</ele><time>2026-10-02T12:42:19Z</time></trkpt><trkpt lat="46.525150000000004" lon="12.01753499999999"><ele>2227.932</ele><time>2026-10-02T12:42:29Z</time></trkpt><trkpt lat="46.525198" lon="12.01755999999999"><ele>2229.533</ele><time>2026-10-02T12:42:58Z</time></trkpt><trkpt lat="46.525246" lon="12.017549999999991"><ele>2231.195</ele><time>2026-10-02T12:43:02Z</time></trkpt><trkpt lat="46.525296000000004" lon="12.017561999999991"><ele>2232.944</ele><time>2026-10-02T12:43:07Z</time></trkpt><trkpt lat="46.525342" lon="12.017575999999991"><ele>2233.913</ele><time>2026-10-02T12:43:13Z</time></trkpt><trkpt lat="46.525391" lon="12.01760499999999"><ele>2234.587</ele><time>2026-10-02T12:43:19Z</time></trkpt><trkpt lat="46.525418" lon="12.017663999999991"><ele>2235.255</ele><time>2026-10-02T12:43:24Z</time></trkpt><trkpt lat="46.525464" lon="12.017681999999992"><ele>2236.163</ele><time>2026-10-02T12:43:33Z</time></trkpt><trkpt lat="46.525511" lon="12.017667999999992"><ele>2237.125</ele><time>2026-10-02T12:43:38Z</time></trkpt><trkpt lat="46.525557" lon="12.017655999999992"><ele>2238.426</ele><time>2026-10-02T12:43:43Z</time></trkpt><trkpt lat="46.525599" lon="12.017625999999991"><ele>2239.608</ele><time>2026-10-02T12:44:09Z</time></trkpt><trkpt lat="46.52564" lon="12.01759299999999"><ele>2240.109</ele><time>2026-10-02T12:44:14Z</time></trkpt><trkpt lat="46.525689" lon="12.01760499999999"><ele>2240.584</ele><time>2026-10-02T12:44:19Z</time></trkpt><trkpt lat="46.525733" lon="12.01762199999999"><ele>2241.220</ele><time>2026-10-02T12:44:23Z</time></trkpt><trkpt lat="46.525784" lon="12.01761099999999"><ele>2242.141</ele><time>2026-10-02T12:44:28Z</time></trkpt><trkpt lat="46.52583" lon="12.01759999999999"><ele>2242.933</ele><time>2026-10-02T12:44:33Z</time></trkpt><trkpt lat="46.52588" lon="12.017607999999989"><ele>2243.622</ele><time>2026-10-02T12:44:38Z</time></trkpt><trkpt lat="46.525927" lon="12.017620999999988"><ele>2244.611</ele><time>2026-10-02T12:44:44Z</time></trkpt><trkpt lat="46.525978" lon="12.017613999999988"><ele>2245.635</ele><time>2026-10-02T12:44:51Z</time></trkpt><trkpt lat="46.526022000000005" lon="12.017629999999988"><ele>2246.573</ele><time>2026-10-02T12:44:58Z</time></trkpt><trkpt lat="46.526067000000005" lon="12.017624999999988"><ele>2247.661</ele><time>2026-10-02T12:45:06Z</time></trkpt><trkpt lat="46.526095000000005" lon="12.017680999999989"><ele>2249.159</ele><time>2026-10-02T12:45:13Z</time></trkpt><trkpt lat="46.526137000000006" lon="12.017642999999989"><ele>2250.603</ele><time>2026-10-02T12:45:37Z</time></trkpt><trkpt lat="46.52618400000001" lon="12.01766399999999"><ele>2251.823</ele><time>2026-10-02T12:45:43Z</time></trkpt><trkpt lat="46.52622900000001" lon="12.01766799999999"><ele>2252.909</ele><time>2026-10-02T12:45:48Z</time></trkpt><trkpt lat="46.52628000000001" lon="12.017661999999989"><ele>2254.087</ele><time>2026-10-02T12:45:55Z</time></trkpt><trkpt lat="46.526326000000005" lon="12.017662999999988"><ele>2255.353</ele><time>2026-10-02T12:46:04Z</time></trkpt><trkpt lat="46.526374000000004" lon="12.017651999999988"><ele>2256.974</ele><time>2026-10-02T12:46:11Z</time></trkpt><trkpt lat="46.526405000000004" lon="12.017592999999987"><ele>2258.876</ele><time>2026-10-02T12:46:20Z</time></trkpt><trkpt lat="46.526456" lon="12.017581999999987"><ele>2260.655</ele><time>2026-10-02T12:46:27Z</time></trkpt><trkpt lat="46.526502" lon="12.017552999999987"><ele>2262.284</ele><time>2026-10-02T12:46:39Z</time></trkpt><trkpt lat="46.526549" lon="12.017550999999987"><ele>2263.588</ele><time>2026-10-02T12:46:47Z</time></trkpt><trkpt lat="46.526595" lon="12.017545999999987"><ele>2265.036</ele><time>2026-10-02T12:46:58Z</time></trkpt><trkpt lat="46.526631" lon="12.017496999999986"><ele>2266.714</ele><time>2026-10-02T12:47:08Z</time></trkpt><trkpt lat="46.52666" lon="12.017444999999986"><ele>2268.193</ele><time>2026-10-02T12:47:14Z</time></trkpt><trkpt lat="46.526704" lon="12.017462999999987"><ele>2269.565</ele><time>2026-10-02T12:47:22Z</time></trkpt><trkpt lat="46.526748000000005" lon="12.017481999999987"><ele>2270.821</ele><time>2026-10-02T12:47:27Z</time></trkpt><trkpt lat="46.526797" lon="12.017471999999987"><ele>2272.109</ele><time>2026-10-02T12:47:34Z</time></trkpt><trkpt lat="46.526839" lon="12.017501999999988"><ele>2272.761</ele><time>2026-10-02T12:47:42Z</time></trkpt><trkpt lat="46.526867" lon="12.017445999999987"><ele>2273.347</ele><time>2026-10-02T12:47:52Z</time></trkpt><trkpt lat="46.526912" lon="12.017465999999986"><ele>2274.588</ele><time>2026-10-02T12:48:02Z</time></trkpt><trkpt lat="46.526948000000004" lon="12.017415999999987"><ele>2275.870</ele><time>2026-10-02T12:48:22Z</time></trkpt><trkpt lat="46.52695800000001" lon="12.017351999999986"><ele>2277.349</ele><time>2026-10-02T12:48:34Z</time></trkpt><trkpt lat="46.52700300000001" lon="12.017324999999987"><ele>2278.738</ele><time>2026-10-02T12:48:42Z</time></trkpt><trkpt lat="46.52705000000001" lon="12.017336999999987"><ele>2280.422</ele><time>2026-10-02T12:48:50Z</time></trkpt><trkpt lat="46.52709900000001" lon="12.017335999999988"><ele>2281.890</ele><time>2026-10-02T12:49:00Z</time></trkpt><trkpt lat="46.527139000000005" lon="12.017381999999987"><ele>2282.748</ele><time>2026-10-02T12:49:07Z</time></trkpt><trkpt lat="46.52718300000001" lon="12.017424999999987"><ele>2284.267</ele><time>2026-10-02T12:49:14Z</time></trkpt><trkpt lat="46.52722800000001" lon="12.017431999999987"><ele>2285.881</ele><time>2026-10-02T12:49:27Z</time></trkpt><trkpt lat="46.52727200000001" lon="12.017414999999987"><ele>2286.919</ele><time>2026-10-02T12:49:39Z</time></trkpt><trkpt lat="46.52731500000001" lon="12.017441999999987"><ele>2288.309</ele><time>2026-10-02T12:49:48Z</time></trkpt><trkpt lat="46.527350000000006" lon="12.017385999999986"><ele>2290.458</ele><time>2026-10-02T12:50:00Z</time></trkpt><trkpt lat="46.52737400000001" lon="12.017328999999986"><ele>2292.024</ele><time>2026-10-02T12:50:09Z</time></trkpt><trkpt lat="46.52738800000001" lon="12.017264999999986"><ele>2293.825</ele><time>2026-10-02T12:50:18Z</time></trkpt><trkpt lat="46.52741000000001" lon="12.017206999999987"><ele>2296.027</ele><time>2026-10-02T12:50:27Z</time></trkpt><trkpt lat="46.52744600000001" lon="12.017103999999987"><ele>2298.536</ele><time>2026-10-02T12:50:56Z</time></trkpt><trkpt lat="46.527541000000014" lon="12.017275999999987"><ele>2301.125</ele><time>2026-10-02T12:51:11Z</time></trkpt><trkpt lat="46.52752000000002" lon="12.017198999999987"><ele>2303.089</ele><time>2026-10-02T12:51:15Z</time></trkpt><trkpt lat="46.52748300000002" lon="12.017140999999988"><ele>2303.427</ele><time>2026-10-02T12:51:18Z</time></trkpt><trkpt lat="46.52759600000002" lon="12.016919999999988"><ele>2304.465</ele><time>2026-10-02T12:51:25Z</time></trkpt><trkpt lat="46.52765200000002" lon="12.016845999999989"><ele>2305.642</ele><time>2026-10-02T12:51:28Z</time></trkpt><trkpt lat="46.52763400000002" lon="12.01691399999999"><ele>2306.322</ele><time>2026-10-02T12:51:35Z</time></trkpt><trkpt lat="46.52769100000002" lon="12.016888999999988"><ele>2307.014</ele><time>2026-10-02T12:51:40Z</time></trkpt><trkpt lat="46.52770100000002" lon="12.016957999999988"><ele>2307.709</ele><time>2026-10-02T12:51:49Z</time></trkpt><trkpt lat="46.52773800000002" lon="12.016911999999989"><ele>2309.056</ele><time>2026-10-02T12:52:02Z</time></trkpt><trkpt lat="46.52776700000002" lon="12.016963999999989"><ele>2309.842</ele><time>2026-10-02T12:52:06Z</time></trkpt><trkpt lat="46.527788000000015" lon="12.01706499999999"><ele>2313.343</ele><time>2026-10-02T12:52:08Z</time></trkpt><trkpt lat="46.527828000000014" lon="12.01731599999999"><ele>2314.025</ele><time>2026-10-02T12:52:09Z</time></trkpt><trkpt lat="46.52782300000001" lon="12.01724299999999"><ele>2314.014</ele><time>2026-10-02T12:52:10Z</time></trkpt><trkpt lat="46.52779500000001" lon="12.01715099999999"><ele>2314.063</ele><time>2026-10-02T12:52:12Z</time></trkpt><trkpt lat="46.527850000000015" lon="12.017115999999989"><ele>2314.197</ele><time>2026-10-02T12:52:18Z</time></trkpt><trkpt lat="46.52784500000001" lon="12.017204999999988"><ele>2314.225</ele><time>2026-10-02T12:52:36Z</time></trkpt><trkpt lat="46.52790500000001" lon="12.017391999999989"><ele>2316.383</ele><time>2026-10-02T12:52:42Z</time></trkpt><trkpt lat="46.52786500000001" lon="12.017282999999988"><ele>2318.196</ele><time>2026-10-02T12:52:43Z</time></trkpt><trkpt lat="46.52789100000001" lon="12.01718699999999"><ele>2318.331</ele><time>2026-10-02T12:52:44Z</time></trkpt><trkpt lat="46.52795500000001" lon="12.017137999999989"><ele>2318.424</ele><time>2026-10-02T12:52:52Z</time></trkpt><trkpt lat="46.527991000000014" lon="12.017095999999988"><ele>2319.109</ele><time>2026-10-02T12:52:55Z</time></trkpt><trkpt lat="46.52802100000002" lon="12.017181999999988"><ele>2319.611</ele><time>2026-10-02T12:52:58Z</time></trkpt><trkpt lat="46.52807100000002" lon="12.017152999999988"><ele>2319.987</ele><time>2026-10-02T12:53:07Z</time></trkpt><trkpt lat="46.52802600000002" lon="12.017110999999987"><ele>2320.288</ele><time>2026-10-02T12:53:13Z</time></trkpt><trkpt lat="46.52789900000002" lon="12.017172999999987"><ele>2320.620</ele><time>2026-10-02T12:53:21Z</time></trkpt><trkpt lat="46.52792300000002" lon="12.017258999999987"><ele>2320.679</ele><time>2026-10-02T12:53:22Z</time></trkpt><trkpt lat="46.52790600000002" lon="12.017070999999987"><ele>2320.878</ele><time>2026-10-02T12:53:37Z</time></trkpt><trkpt lat="46.52791200000002" lon="12.016999999999987"><ele>2321.012</ele><time>2026-10-02T12:53:39Z</time></trkpt><trkpt lat="46.52792000000002" lon="12.016888999999987"><ele>2321.360</ele><time>2026-10-02T12:53:42Z</time></trkpt><trkpt lat="46.52791300000003" lon="12.017226999999986"><ele>2321.878</ele><time>2026-10-02T12:53:55Z</time></trkpt><trkpt lat="46.52792700000003" lon="12.017163999999985"><ele>2322.445</ele><time>2026-10-02T12:54:07Z</time></trkpt><trkpt lat="46.527939000000025" lon="12.017240999999984"><ele>2322.047</ele><time>2026-10-02T12:54:58Z</time></trkpt><trkpt lat="46.52796300000003" lon="12.017178999999985"><ele>2322.411</ele><time>2026-10-02T12:55:21Z</time></trkpt><trkpt lat="46.52798700000003" lon="12.017120999999985"><ele>2322.809</ele><time>2026-10-02T12:56:20Z</time></trkpt><trkpt lat="46.52803000000003" lon="12.017080999999985"><ele>2323.136</ele><time>2026-10-02T12:56:26Z</time></trkpt><trkpt lat="46.52807300000003" lon="12.017038999999984"><ele>2323.722</ele><time>2026-10-02T12:56:32Z</time></trkpt><trkpt lat="46.52810700000003" lon="12.016995999999985"><ele>2324.923</ele><time>2026-10-02T12:56:39Z</time></trkpt><trkpt lat="46.52813200000003" lon="12.016936999999984"><ele>2326.725</ele><time>2026-10-02T12:56:56Z</time></trkpt><trkpt lat="46.52812400000003" lon="12.016864999999985"><ele>2328.524</ele><time>2026-10-02T12:57:04Z</time></trkpt><trkpt lat="46.528108000000024" lon="12.016794999999986"><ele>2331.013</ele><time>2026-10-02T12:57:10Z</time></trkpt><trkpt lat="46.528108000000024" lon="12.016719999999985"><ele>2333.447</ele><time>2026-10-02T12:58:25Z</time></trkpt><trkpt lat="46.52810000000002" lon="12.016648999999985"><ele>2334.645</ele><time>2026-10-02T12:58:47Z</time></trkpt><trkpt lat="46.52809500000002" lon="12.016583999999986"><ele>2335.873</ele><time>2026-10-02T12:59:06Z</time></trkpt><trkpt lat="46.528063000000024" lon="12.016527999999985"><ele>2337.162</ele><time>2026-10-02T12:59:12Z</time></trkpt><trkpt lat="46.52810700000003" lon="12.016512999999986"><ele>2338.383</ele><time>2026-10-02T12:59:32Z</time></trkpt><trkpt lat="46.528077000000025" lon="12.016460999999985"><ele>2339.011</ele><time>2026-10-02T12:59:42Z</time></trkpt><trkpt lat="46.528032000000024" lon="12.016436999999986"><ele>2340.209</ele><time>2026-10-02T12:59:46Z</time></trkpt><trkpt lat="46.52798900000003" lon="12.016415999999985"><ele>2341.338</ele><time>2026-10-02T12:59:50Z</time></trkpt><trkpt lat="46.527945000000024" lon="12.016358999999985"><ele>2341.414</ele><time>2026-10-02T12:59:54Z</time></trkpt><trkpt lat="46.52789200000002" lon="12.016319999999986"><ele>2341.575</ele><time>2026-10-02T12:59:58Z</time></trkpt><trkpt lat="46.527852000000024" lon="12.016362999999986"><ele>2341.827</ele><time>2026-10-02T13:00:01Z</time></trkpt><trkpt lat="46.527804000000025" lon="12.016339999999985"><ele>2342.776</ele><time>2026-10-02T13:00:07Z</time></trkpt><trkpt lat="46.527843000000026" lon="12.016385999999985"><ele>2343.845</ele><time>2026-10-02T13:00:22Z</time></trkpt><trkpt lat="46.527899000000026" lon="12.016401999999985"><ele>2344.549</ele><time>2026-10-02T13:00:27Z</time></trkpt><trkpt lat="46.527953000000025" lon="12.016403999999985"><ele>2344.577</ele><time>2026-10-02T13:00:32Z</time></trkpt><trkpt lat="46.52799700000003" lon="12.016421999999986"><ele>2344.575</ele><time>2026-10-02T13:00:36Z</time></trkpt><trkpt lat="46.52802800000003" lon="12.016480999999986"><ele>2344.283</ele><time>2026-10-02T13:00:41Z</time></trkpt><trkpt lat="46.52807200000003" lon="12.016504999999986"><ele>2343.325</ele><time>2026-10-02T13:00:44Z</time></trkpt><trkpt lat="46.52810900000003" lon="12.016554999999986"><ele>2342.317</ele><time>2026-10-02T13:00:48Z</time></trkpt><trkpt lat="46.528144000000026" lon="12.016597999999986"><ele>2341.609</ele><time>2026-10-02T13:00:51Z</time></trkpt><trkpt lat="46.52819100000003" lon="12.016629999999985"><ele>2341.620</ele><time>2026-10-02T13:00:55Z</time></trkpt><trkpt lat="46.528223000000025" lon="12.016701999999984"><ele>2341.666</ele><time>2026-10-02T13:01:13Z</time></trkpt><trkpt lat="46.528274000000025" lon="12.016718999999984"><ele>2341.837</ele><time>2026-10-02T13:01:24Z</time></trkpt><trkpt lat="46.528319000000025" lon="12.016754999999984"><ele>2342.979</ele><time>2026-10-02T13:01:28Z</time></trkpt><trkpt lat="46.52835700000003" lon="12.016793999999983"><ele>2343.958</ele><time>2026-10-02T13:01:32Z</time></trkpt><trkpt lat="46.52839300000003" lon="12.016841999999983"><ele>2344.547</ele><time>2026-10-02T13:01:37Z</time></trkpt><trkpt lat="46.52843100000003" lon="12.016878999999983"><ele>2345.251</ele><time>2026-10-02T13:01:42Z</time></trkpt><trkpt lat="46.52845700000003" lon="12.016931999999983"><ele>2345.889</ele><time>2026-10-02T13:01:46Z</time></trkpt><trkpt lat="46.52849300000003" lon="12.016971999999983"><ele>2346.517</ele><time>2026-10-02T13:01:51Z</time></trkpt><trkpt lat="46.528534000000036" lon="12.017007999999983"><ele>2347.266</ele><time>2026-10-02T13:01:56Z</time></trkpt><trkpt lat="46.52856700000004" lon="12.017052999999983"><ele>2348.029</ele><time>2026-10-02T13:02:38Z</time></trkpt><trkpt lat="46.52859200000004" lon="12.017107999999983"><ele>2348.921</ele><time>2026-10-02T13:02:56Z</time></trkpt><trkpt lat="46.52862900000004" lon="12.017065999999982"><ele>2349.909</ele><time>2026-10-02T13:03:02Z</time></trkpt><trkpt lat="46.52868500000004" lon="12.017043999999983"><ele>2351.338</ele><time>2026-10-02T13:03:11Z</time></trkpt><trkpt lat="46.52864000000004" lon="12.017058999999982"><ele>2351.574</ele><time>2026-10-02T13:03:30Z</time></trkpt><trkpt lat="46.52861500000004" lon="12.017003999999982"><ele>2351.765</ele><time>2026-10-02T13:03:55Z</time></trkpt><trkpt lat="46.52864300000004" lon="12.017073999999981"><ele>2351.757</ele><time>2026-10-02T13:04:22Z</time></trkpt><trkpt lat="46.528672000000036" lon="12.017134999999982"><ele>2351.566</ele><time>2026-10-02T13:04:27Z</time></trkpt><trkpt lat="46.52866600000004" lon="12.017208999999982"><ele>2351.535</ele><time>2026-10-02T13:04:32Z</time></trkpt><trkpt lat="46.52869000000004" lon="12.017272999999982"><ele>2351.599</ele><time>2026-10-02T13:04:37Z</time></trkpt><trkpt lat="46.52871500000004" lon="12.017326999999982"><ele>2352.157</ele><time>2026-10-02T13:04:45Z</time></trkpt><trkpt lat="46.528742000000044" lon="12.017391999999981"><ele>2352.995</ele><time>2026-10-02T13:04:51Z</time></trkpt><trkpt lat="46.52876300000004" lon="12.017455999999981"><ele>2354.246</ele><time>2026-10-02T13:04:58Z</time></trkpt><trkpt lat="46.52872900000004" lon="12.017514999999982"><ele>2355.688</ele><time>2026-10-02T13:05:44Z</time></trkpt><trkpt lat="46.52875900000004" lon="12.017588999999981"><ele>2356.716</ele><time>2026-10-02T13:06:01Z</time></trkpt><trkpt lat="46.52879300000004" lon="12.017645999999981"><ele>2357.909</ele><time>2026-10-02T13:06:05Z</time></trkpt><trkpt lat="46.52879900000004" lon="12.017713999999982"><ele>2358.716</ele><time>2026-10-02T13:06:12Z</time></trkpt><trkpt lat="46.52881000000004" lon="12.017779999999982"><ele>2358.982</ele><time>2026-10-02T13:06:16Z</time></trkpt><trkpt lat="46.52883300000004" lon="12.017843999999982"><ele>2359.233</ele><time>2026-10-02T13:06:20Z</time></trkpt><trkpt lat="46.52885300000004" lon="12.017918999999983"><ele>2359.845</ele><time>2026-10-02T13:06:25Z</time></trkpt><trkpt lat="46.52886800000004" lon="12.017985999999983"><ele>2360.474</ele><time>2026-10-02T13:06:29Z</time></trkpt><trkpt lat="46.52887900000004" lon="12.018050999999982"><ele>2361.123</ele><time>2026-10-02T13:06:34Z</time></trkpt><trkpt lat="46.52890500000004" lon="12.018123999999982"><ele>2362.027</ele><time>2026-10-02T13:06:41Z</time></trkpt><trkpt lat="46.52892200000004" lon="12.018191999999983"><ele>2363.035</ele><time>2026-10-02T13:06:47Z</time></trkpt><trkpt lat="46.52895300000004" lon="12.018255999999983"><ele>2364.073</ele><time>2026-10-02T13:06:53Z</time></trkpt><trkpt lat="46.52898400000004" lon="12.018306999999982"><ele>2364.752</ele><time>2026-10-02T13:06:58Z</time></trkpt><trkpt lat="46.529021000000036" lon="12.018349999999982"><ele>2365.853</ele><time>2026-10-02T13:07:03Z</time></trkpt><trkpt lat="46.529038000000035" lon="12.018411999999982"><ele>2367.008</ele><time>2026-10-02T13:07:07Z</time></trkpt><trkpt lat="46.529066000000036" lon="12.018471999999981"><ele>2367.709</ele><time>2026-10-02T13:07:13Z</time></trkpt><trkpt lat="46.529103000000035" lon="12.018514999999981"><ele>2368.197</ele><time>2026-10-02T13:07:35Z</time></trkpt><trkpt lat="46.52910100000003" lon="12.01858199999998"><ele>2368.623</ele><time>2026-10-02T13:07:40Z</time></trkpt><trkpt lat="46.529117000000035" lon="12.01865399999998"><ele>2370.134</ele><time>2026-10-02T13:07:51Z</time></trkpt><trkpt lat="46.52909300000003" lon="12.018716999999981"><ele>2371.466</ele><time>2026-10-02T13:07:55Z</time></trkpt><trkpt lat="46.52910500000003" lon="12.018794999999981"><ele>2371.815</ele><time>2026-10-02T13:08:09Z</time></trkpt><trkpt lat="46.52912700000003" lon="12.01885499999998"><ele>2372.134</ele><time>2026-10-02T13:08:30Z</time></trkpt><trkpt lat="46.52909700000003" lon="12.01879199999998"><ele>2372.218</ele><time>2026-10-02T13:08:45Z</time></trkpt><trkpt lat="46.529132000000025" lon="12.01874499999998"><ele>2372.426</ele><time>2026-10-02T13:08:50Z</time></trkpt><trkpt lat="46.52917300000003" lon="12.01871099999998"><ele>2372.954</ele><time>2026-10-02T13:08:55Z</time></trkpt><trkpt lat="46.52921400000003" lon="12.01867299999998"><ele>2373.452</ele><time>2026-10-02T13:09:00Z</time></trkpt><trkpt lat="46.52925000000003" lon="12.018633999999981"><ele>2374.053</ele><time>2026-10-02T13:09:04Z</time></trkpt><trkpt lat="46.529292000000034" lon="12.018597999999981"><ele>2374.808</ele><time>2026-10-02T13:09:09Z</time></trkpt><trkpt lat="46.529325000000036" lon="12.018546999999982"><ele>2375.509</ele><time>2026-10-02T13:09:15Z</time></trkpt><trkpt lat="46.529362000000035" lon="12.018507999999983"><ele>2376.467</ele><time>2026-10-02T13:09:21Z</time></trkpt><trkpt lat="46.52940600000004" lon="12.018465999999982"><ele>2377.793</ele><time>2026-10-02T13:09:26Z</time></trkpt><trkpt lat="46.52945100000004" lon="12.018410999999983"><ele>2379.134</ele><time>2026-10-02T13:09:32Z</time></trkpt><trkpt lat="46.529488000000036" lon="12.018349999999982"><ele>2380.316</ele><time>2026-10-02T13:09:38Z</time></trkpt><trkpt lat="46.529517000000034" lon="12.018296999999983"><ele>2381.665</ele><time>2026-10-02T13:09:45Z</time></trkpt><trkpt lat="46.52952700000004" lon="12.018232999999983"><ele>2382.934</ele><time>2026-10-02T13:09:57Z</time></trkpt><trkpt lat="46.52954400000004" lon="12.018169999999982"><ele>2384.318</ele><time>2026-10-02T13:10:04Z</time></trkpt><trkpt lat="46.52957500000004" lon="12.018113999999981"><ele>2386.066</ele><time>2026-10-02T13:10:16Z</time></trkpt><trkpt lat="46.529609000000036" lon="12.018058999999981"><ele>2387.674</ele><time>2026-10-02T13:10:30Z</time></trkpt><trkpt lat="46.529618000000035" lon="12.017993999999982"><ele>2389.469</ele><time>2026-10-02T13:10:41Z</time></trkpt><trkpt lat="46.529624000000034" lon="12.017925999999981"><ele>2391.504</ele><time>2026-10-02T13:10:50Z</time></trkpt><trkpt lat="46.52963900000003" lon="12.017848999999982"><ele>2393.524</ele><time>2026-10-02T13:10:59Z</time></trkpt><trkpt lat="46.52966100000003" lon="12.017787999999982"><ele>2395.109</ele><time>2026-10-02T13:11:04Z</time></trkpt><trkpt lat="46.52966800000003" lon="12.017718999999982"><ele>2396.288</ele><time>2026-10-02T13:11:22Z</time></trkpt><trkpt lat="46.52968800000003" lon="12.017640999999982"><ele>2397.134</ele><time>2026-10-02T13:11:32Z</time></trkpt><trkpt lat="46.52969900000003" lon="12.017574999999981"><ele>2399.225</ele><time>2026-10-02T13:11:37Z</time></trkpt><trkpt lat="46.52971000000003" lon="12.017507999999982"><ele>2401.917</ele><time>2026-10-02T13:11:40Z</time></trkpt><trkpt lat="46.52972700000003" lon="12.01744499999998"><ele>2403.266</ele><time>2026-10-02T13:11:48Z</time></trkpt><trkpt lat="46.52972000000003" lon="12.017377999999981"><ele>2403.735</ele><time>2026-10-02T13:11:54Z</time></trkpt><trkpt lat="46.52971000000003" lon="12.017303999999982"><ele>2404.599</ele><time>2026-10-02T13:12:00Z</time></trkpt><trkpt lat="46.52971100000003" lon="12.017235999999981"><ele>2405.627</ele><time>2026-10-02T13:12:06Z</time></trkpt><trkpt lat="46.529698000000025" lon="12.01717199999998"><ele>2406.495</ele><time>2026-10-02T13:12:13Z</time></trkpt><trkpt lat="46.52969900000002" lon="12.017095999999981"><ele>2407.253</ele><time>2026-10-02T13:12:28Z</time></trkpt><trkpt lat="46.52968600000002" lon="12.017018999999982"><ele>2408.504</ele><time>2026-10-02T13:12:37Z</time></trkpt><trkpt lat="46.52965100000002" lon="12.016971999999981"><ele>2409.314</ele><time>2026-10-02T13:12:46Z</time></trkpt><trkpt lat="46.52965800000002" lon="12.016897999999982"><ele>2409.809</ele><time>2026-10-02T13:13:19Z</time></trkpt><trkpt lat="46.52964100000002" lon="12.016829999999981"><ele>2410.967</ele><time>2026-10-02T13:13:25Z</time></trkpt><trkpt lat="46.52962000000002" lon="12.016771999999982"><ele>2411.713</ele><time>2026-10-02T13:13:32Z</time></trkpt><trkpt lat="46.529594000000024" lon="12.016708999999981"><ele>2412.034</ele><time>2026-10-02T13:13:49Z</time></trkpt><trkpt lat="46.52957300000003" lon="12.01664299999998"><ele>2412.356</ele><time>2026-10-02T13:13:55Z</time></trkpt><trkpt lat="46.529571000000026" lon="12.01657199999998"><ele>2412.765</ele><time>2026-10-02T13:14:02Z</time></trkpt><trkpt lat="46.529552000000024" lon="12.01650899999998"><ele>2413.274</ele><time>2026-10-02T13:14:08Z</time></trkpt><trkpt lat="46.529537000000026" lon="12.01643499999998"><ele>2413.998</ele><time>2026-10-02T13:14:14Z</time></trkpt><trkpt lat="46.529521000000024" lon="12.01636499999998"><ele>2414.796</ele><time>2026-10-02T13:14:19Z</time></trkpt><trkpt lat="46.529501000000025" lon="12.01630599999998"><ele>2415.494</ele><time>2026-10-02T13:14:24Z</time></trkpt><trkpt lat="46.529484000000025" lon="12.016240999999981"><ele>2416.178</ele><time>2026-10-02T13:14:31Z</time></trkpt><trkpt lat="46.529459000000024" lon="12.01618499999998"><ele>2416.733</ele><time>2026-10-02T13:14:37Z</time></trkpt><trkpt lat="46.52944800000002" lon="12.01611699999998"><ele>2417.426</ele><time>2026-10-02T13:14:43Z</time></trkpt><trkpt lat="46.529417000000024" lon="12.01606799999998"><ele>2418.109</ele><time>2026-10-02T13:14:49Z</time></trkpt><trkpt lat="46.529380000000025" lon="12.016018999999979"><ele>2418.639</ele><time>2026-10-02T13:14:56Z</time></trkpt><trkpt lat="46.52936200000003" lon="12.01595399999998"><ele>2419.265</ele><time>2026-10-02T13:15:02Z</time></trkpt><trkpt lat="46.529332000000025" lon="12.01589499999998"><ele>2420.016</ele><time>2026-10-02T13:15:10Z</time></trkpt><trkpt lat="46.52930300000003" lon="12.01583699999998"><ele>2420.998</ele><time>2026-10-02T13:15:18Z</time></trkpt><trkpt lat="46.52926100000003" lon="12.01578899999998"><ele>2422.137</ele><time>2026-10-02T13:15:25Z</time></trkpt><trkpt lat="46.52921600000003" lon="12.01579899999998"><ele>2423.676</ele><time>2026-10-02T13:15:36Z</time></trkpt><trkpt lat="46.52920900000003" lon="12.01586499999998"><ele>2425.190</ele><time>2026-10-02T13:15:53Z</time></trkpt><trkpt lat="46.52918100000003" lon="12.01580799999998"><ele>2426.858</ele><time>2026-10-02T13:16:28Z</time></trkpt><trkpt lat="46.52914700000003" lon="12.01576299999998"><ele>2428.076</ele><time>2026-10-02T13:16:33Z</time></trkpt><trkpt lat="46.52912600000003" lon="12.01569599999998"><ele>2428.695</ele><time>2026-10-02T13:16:39Z</time></trkpt><trkpt lat="46.529080000000036" lon="12.01567699999998"><ele>2429.049</ele><time>2026-10-02T13:16:44Z</time></trkpt><trkpt lat="46.529033000000034" lon="12.01569699999998"><ele>2429.723</ele><time>2026-10-02T13:16:50Z</time></trkpt><trkpt lat="46.52898000000003" lon="12.01570099999998"><ele>2430.009</ele><time>2026-10-02T13:16:55Z</time></trkpt><trkpt lat="46.52894100000003" lon="12.01575099999998"><ele>2430.031</ele><time>2026-10-02T13:17:01Z</time></trkpt><trkpt lat="46.52894100000003" lon="12.01581599999998"><ele>2430.047</ele><time>2026-10-02T13:17:22Z</time></trkpt><trkpt lat="46.52889900000003" lon="12.01584899999998"><ele>2429.488</ele><time>2026-10-02T13:19:34Z</time></trkpt><trkpt lat="46.52894500000003" lon="12.01582899999998"><ele>2428.530</ele><time>2026-10-02T13:20:33Z</time></trkpt><trkpt lat="46.52889900000003" lon="12.01584599999998"><ele>2427.649</ele><time>2026-10-02T13:21:13Z</time></trkpt><trkpt lat="46.52889000000003" lon="12.015780999999981"><ele>2427.238</ele><time>2026-10-02T13:22:21Z</time></trkpt><trkpt lat="46.52892900000003" lon="12.015734999999982"><ele>2427.152</ele><time>2026-10-02T13:23:06Z</time></trkpt><trkpt lat="46.52896000000003" lon="12.015790999999982"><ele>2427.180</ele><time>2026-10-02T13:23:39Z</time></trkpt><trkpt lat="46.528968000000035" lon="12.015725999999983"><ele>2427.138</ele><time>2026-10-02T13:23:56Z</time></trkpt><trkpt lat="46.52891800000003" lon="12.015604999999983"><ele>2427.446</ele><time>2026-10-02T13:24:07Z</time></trkpt><trkpt lat="46.528948000000035" lon="12.015549999999983"><ele>2427.588</ele><time>2026-10-02T13:24:11Z</time></trkpt><trkpt lat="46.52899200000004" lon="12.015506999999984"><ele>2429.316</ele><time>2026-10-02T13:24:15Z</time></trkpt><trkpt lat="46.52896400000004" lon="12.015445999999983"><ele>2430.209</ele><time>2026-10-02T13:24:23Z</time></trkpt><trkpt lat="46.52900600000004" lon="12.015407999999983"><ele>2431.026</ele><time>2026-10-02T13:24:40Z</time></trkpt><trkpt lat="46.52901100000004" lon="12.015331999999983"><ele>2431.852</ele><time>2026-10-02T13:24:47Z</time></trkpt><trkpt lat="46.52901200000004" lon="12.015265999999983"><ele>2432.923</ele><time>2026-10-02T13:24:53Z</time></trkpt><trkpt lat="46.529033000000034" lon="12.015197999999982"><ele>2433.625</ele><time>2026-10-02T13:24:59Z</time></trkpt><trkpt lat="46.52905300000003" lon="12.015132999999983"><ele>2434.594</ele><time>2026-10-02T13:25:03Z</time></trkpt><trkpt lat="46.52907100000003" lon="12.015063999999983"><ele>2435.583</ele><time>2026-10-02T13:25:07Z</time></trkpt><trkpt lat="46.52911100000003" lon="12.015034999999983"><ele>2436.567</ele><time>2026-10-02T13:25:16Z</time></trkpt><trkpt lat="46.52914700000003" lon="12.014987999999983"><ele>2437.695</ele><time>2026-10-02T13:25:25Z</time></trkpt><trkpt lat="46.52918700000003" lon="12.014948999999984"><ele>2439.073</ele><time>2026-10-02T13:25:33Z</time></trkpt><trkpt lat="46.52922900000003" lon="12.014919999999984"><ele>2440.726</ele><time>2026-10-02T13:25:44Z</time></trkpt><trkpt lat="46.52927600000003" lon="12.014923999999985"><ele>2442.347</ele><time>2026-10-02T13:25:49Z</time></trkpt><trkpt lat="46.52932800000003" lon="12.014912999999984"><ele>2444.011</ele><time>2026-10-02T13:25:55Z</time></trkpt><trkpt lat="46.52938400000003" lon="12.014917999999984"><ele>2445.309</ele><time>2026-10-02T13:26:02Z</time></trkpt><trkpt lat="46.52942800000003" lon="12.014897999999985"><ele>2446.364</ele><time>2026-10-02T13:26:09Z</time></trkpt><trkpt lat="46.52948100000003" lon="12.014899999999985"><ele>2447.690</ele><time>2026-10-02T13:26:16Z</time></trkpt><trkpt lat="46.529528000000035" lon="12.014882999999985"><ele>2449.121</ele><time>2026-10-02T13:26:25Z</time></trkpt><trkpt lat="46.529576000000034" lon="12.014885999999985"><ele>2450.563</ele><time>2026-10-02T13:26:37Z</time></trkpt><trkpt lat="46.529624000000034" lon="12.014873999999985"><ele>2452.132</ele><time>2026-10-02T13:26:46Z</time></trkpt><trkpt lat="46.529671000000036" lon="12.014868999999985"><ele>2453.771</ele><time>2026-10-02T13:26:57Z</time></trkpt><trkpt lat="46.529699000000036" lon="12.014812999999984"><ele>2455.125</ele><time>2026-10-02T13:27:10Z</time></trkpt><trkpt lat="46.52967300000004" lon="12.014738999999985"><ele>2456.823</ele><time>2026-10-02T13:27:17Z</time></trkpt><trkpt lat="46.529657000000036" lon="12.014672999999984"><ele>2458.571</ele><time>2026-10-02T13:27:22Z</time></trkpt><trkpt lat="46.529638000000034" lon="12.014608999999984"><ele>2460.073</ele><time>2026-10-02T13:27:32Z</time></trkpt><trkpt lat="46.52967800000003" lon="12.014577999999984"><ele>2461.385</ele><time>2026-10-02T13:27:41Z</time></trkpt><trkpt lat="46.529739000000035" lon="12.014560999999985"><ele>2462.813</ele><time>2026-10-02T13:27:51Z</time></trkpt><trkpt lat="46.529784000000035" lon="12.014536999999985"><ele>2464.609</ele><time>2026-10-02T13:28:03Z</time></trkpt><trkpt lat="46.529829000000035" lon="12.014511999999984"><ele>2466.039</ele><time>2026-10-02T13:28:13Z</time></trkpt><trkpt lat="46.52982400000003" lon="12.014445999999984"><ele>2467.325</ele><time>2026-10-02T13:28:25Z</time></trkpt><trkpt lat="46.52985600000003" lon="12.014396999999983"><ele>2469.056</ele><time>2026-10-02T13:28:37Z</time></trkpt><trkpt lat="46.52981300000003" lon="12.014370999999983"><ele>2470.828</ele><time>2026-10-02T13:29:38Z</time></trkpt><trkpt lat="46.52986100000003" lon="12.014337999999983"><ele>2472.597</ele><time>2026-10-02T13:30:14Z</time></trkpt><trkpt lat="46.529815000000035" lon="12.014285999999982"><ele>2474.566</ele><time>2026-10-02T13:30:34Z</time></trkpt><trkpt lat="46.52978000000004" lon="12.014232999999983"><ele>2475.980</ele><time>2026-10-02T13:30:41Z</time></trkpt><trkpt lat="46.52974000000004" lon="12.014188999999982"><ele>2476.538</ele><time>2026-10-02T13:31:22Z</time></trkpt><trkpt lat="46.52965000000004" lon="12.014210999999982"><ele>2477.016</ele><time>2026-10-02T13:31:27Z</time></trkpt><trkpt lat="46.52957000000004" lon="12.014204999999981"><ele>2479.076</ele><time>2026-10-02T13:31:31Z</time></trkpt><trkpt lat="46.529485000000044" lon="12.014201999999981"><ele>2479.390</ele><time>2026-10-02T13:31:32Z</time></trkpt><trkpt lat="46.529434000000045" lon="12.01420299999998"><ele>2479.319</ele><time>2026-10-02T13:31:33Z</time></trkpt><trkpt lat="46.52938700000004" lon="12.01420299999998"><ele>2479.309</ele><time>2026-10-02T13:31:34Z</time></trkpt><trkpt lat="46.52930300000004" lon="12.01420299999998"><ele>2479.339</ele><time>2026-10-02T13:31:36Z</time></trkpt><trkpt lat="46.529803000000044" lon="12.013836999999981"><ele>2486.965</ele><time>2026-10-02T13:32:27Z</time></trkpt><trkpt lat="46.529766000000045" lon="12.01387799999998"><ele>2487.036</ele><time>2026-10-02T13:32:32Z</time></trkpt><trkpt lat="46.529743000000046" lon="12.013817999999981"><ele>2487.128</ele><time>2026-10-02T13:32:49Z</time></trkpt><trkpt lat="46.52970600000005" lon="12.013771999999982"><ele>2487.387</ele><time>2026-10-02T13:32:56Z</time></trkpt><trkpt lat="46.529721000000045" lon="12.013710999999981"><ele>2487.546</ele><time>2026-10-02T13:33:17Z</time></trkpt><trkpt lat="46.529724000000044" lon="12.013638999999982"><ele>2488.260</ele><time>2026-10-02T13:33:28Z</time></trkpt><trkpt lat="46.52976500000005" lon="12.013592999999982"><ele>2490.138</ele><time>2026-10-02T13:33:40Z</time></trkpt><trkpt lat="46.52981200000005" lon="12.013599999999983"><ele>2492.296</ele><time>2026-10-02T13:33:45Z</time></trkpt><trkpt lat="46.52985700000005" lon="12.013589999999983"><ele>2493.943</ele><time>2026-10-02T13:33:52Z</time></trkpt><trkpt lat="46.52990400000005" lon="12.013557999999984"><ele>2494.964</ele><time>2026-10-02T13:33:59Z</time></trkpt><trkpt lat="46.52995300000005" lon="12.013554999999984"><ele>2495.810</ele><time>2026-10-02T13:34:06Z</time></trkpt><trkpt lat="46.529999000000046" lon="12.013539999999985"><ele>2497.009</ele><time>2026-10-02T13:34:12Z</time></trkpt><trkpt lat="46.530025000000045" lon="12.013472999999985"><ele>2498.366</ele><time>2026-10-02T13:34:22Z</time></trkpt><trkpt lat="46.53004300000004" lon="12.013404999999985"><ele>2499.642</ele><time>2026-10-02T13:34:31Z</time></trkpt><trkpt lat="46.53006000000004" lon="12.013336999999984"><ele>2501.613</ele><time>2026-10-02T13:34:40Z</time></trkpt><trkpt lat="46.53010600000004" lon="12.013367999999984"><ele>2503.945</ele><time>2026-10-02T13:34:51Z</time></trkpt><trkpt lat="46.53014200000004" lon="12.013412999999984"><ele>2505.954</ele><time>2026-10-02T13:34:57Z</time></trkpt><trkpt lat="46.53012700000004" lon="12.013350999999984"><ele>2507.593</ele><time>2026-10-02T13:36:49Z</time></trkpt><trkpt lat="46.530160000000045" lon="12.013295999999984"><ele>2508.277</ele><time>2026-10-02T13:36:57Z</time></trkpt><trkpt lat="46.530191000000045" lon="12.013241999999984"><ele>2508.595</ele><time>2026-10-02T13:37:06Z</time></trkpt><trkpt lat="46.53022400000005" lon="12.013184999999984"><ele>2509.173</ele><time>2026-10-02T13:37:12Z</time></trkpt><trkpt lat="46.530256000000044" lon="12.013124999999985"><ele>2510.462</ele><time>2026-10-02T13:37:18Z</time></trkpt><trkpt lat="46.530292000000046" lon="12.013073999999985"><ele>2511.883</ele><time>2026-10-02T13:37:24Z</time></trkpt><trkpt lat="46.53033800000004" lon="12.013059999999985"><ele>2513.211</ele><time>2026-10-02T13:37:30Z</time></trkpt><trkpt lat="46.530388000000045" lon="12.013077999999986"><ele>2514.609</ele><time>2026-10-02T13:37:36Z</time></trkpt><trkpt lat="46.530436000000044" lon="12.013075999999986"><ele>2515.718</ele><time>2026-10-02T13:37:42Z</time></trkpt><trkpt lat="46.53048200000004" lon="12.013077999999986"><ele>2516.734</ele><time>2026-10-02T13:37:48Z</time></trkpt><trkpt lat="46.53053200000004" lon="12.013092999999985"><ele>2517.655</ele><time>2026-10-02T13:38:29Z</time></trkpt><trkpt lat="46.530577000000044" lon="12.013087999999986"><ele>2518.567</ele><time>2026-10-02T13:38:33Z</time></trkpt><trkpt lat="46.53052700000004" lon="12.013105999999986"><ele>2519.156</ele><time>2026-10-02T13:39:36Z</time></trkpt><trkpt lat="46.53048300000004" lon="12.013084999999986"><ele>2519.295</ele><time>2026-10-02T13:39:40Z</time></trkpt><trkpt lat="46.53043600000004" lon="12.013044999999986"><ele>2519.359</ele><time>2026-10-02T13:39:45Z</time></trkpt><trkpt lat="46.530403000000035" lon="12.012987999999986"><ele>2519.357</ele><time>2026-10-02T13:39:49Z</time></trkpt><trkpt lat="46.53039000000003" lon="12.012923999999986"><ele>2519.275</ele><time>2026-10-02T13:39:53Z</time></trkpt><trkpt lat="46.530358000000035" lon="12.012866999999986"><ele>2518.945</ele><time>2026-10-02T13:39:58Z</time></trkpt><trkpt lat="46.53032500000003" lon="12.012815999999987"><ele>2518.447</ele><time>2026-10-02T13:40:03Z</time></trkpt><trkpt lat="46.53033200000003" lon="12.012749999999986"><ele>2518.411</ele><time>2026-10-02T13:40:08Z</time></trkpt><trkpt lat="46.53031000000003" lon="12.012692999999986"><ele>2518.409</ele><time>2026-10-02T13:40:14Z</time></trkpt><trkpt lat="46.53027900000003" lon="12.012626999999986"><ele>2518.546</ele><time>2026-10-02T13:40:21Z</time></trkpt><trkpt lat="46.53024300000003" lon="12.012575999999987"><ele>2519.412</ele><time>2026-10-02T13:40:27Z</time></trkpt><trkpt lat="46.530190000000026" lon="12.012551999999987"><ele>2520.713</ele><time>2026-10-02T13:40:33Z</time></trkpt><trkpt lat="46.53015200000002" lon="12.012501999999987"><ele>2522.095</ele><time>2026-10-02T13:40:39Z</time></trkpt><trkpt lat="46.53013000000002" lon="12.012444999999987"><ele>2523.494</ele><time>2026-10-02T13:40:45Z</time></trkpt><trkpt lat="46.530123000000025" lon="12.012369999999986"><ele>2524.743</ele><time>2026-10-02T13:40:51Z</time></trkpt><trkpt lat="46.530089000000025" lon="12.012309999999987"><ele>2525.937</ele><time>2026-10-02T13:40:57Z</time></trkpt><trkpt lat="46.53004500000002" lon="12.012267999999986"><ele>2527.275</ele><time>2026-10-02T13:41:04Z</time></trkpt><trkpt lat="46.530002000000025" lon="12.012223999999986"><ele>2527.993</ele><time>2026-10-02T13:42:12Z</time></trkpt><trkpt lat="46.53000400000003" lon="12.012156999999986"><ele>2528.656</ele><time>2026-10-02T13:42:17Z</time></trkpt><trkpt lat="46.529968000000025" lon="12.012111999999986"><ele>2530.259</ele><time>2026-10-02T13:42:32Z</time></trkpt><trkpt lat="46.52993500000002" lon="12.012157999999985"><ele>2531.814</ele><time>2026-10-02T13:42:38Z</time></trkpt><trkpt lat="46.529898000000024" lon="12.012202999999985"><ele>2533.309</ele><time>2026-10-02T13:42:45Z</time></trkpt><trkpt lat="46.52988500000002" lon="12.012279999999985"><ele>2534.267</ele><time>2026-10-02T13:42:53Z</time></trkpt><trkpt lat="46.529926000000025" lon="12.012231999999985"><ele>2534.733</ele><time>2026-10-02T13:42:59Z</time></trkpt><trkpt lat="46.529948000000026" lon="12.012289999999984"><ele>2535.634</ele><time>2026-10-02T13:43:29Z</time></trkpt><trkpt lat="46.52988300000003" lon="12.012251999999984"><ele>2536.196</ele><time>2026-10-02T13:43:48Z</time></trkpt><trkpt lat="46.52989300000003" lon="12.012158999999984"><ele>2536.155</ele><time>2026-10-02T13:43:53Z</time></trkpt><trkpt lat="46.52990300000003" lon="12.012226999999985"><ele>2536.014</ele><time>2026-10-02T13:43:55Z</time></trkpt><trkpt lat="46.52991400000003" lon="12.012144999999984"><ele>2536.038</ele><time>2026-10-02T13:44:17Z</time></trkpt><trkpt lat="46.52996300000003" lon="12.012187999999984"><ele>2536.096</ele><time>2026-10-02T13:44:26Z</time></trkpt><trkpt lat="46.52990800000003" lon="12.012142999999984"><ele>2536.084</ele><time>2026-10-02T13:44:49Z</time></trkpt><trkpt lat="46.52989900000003" lon="12.012075999999984"><ele>2536.067</ele><time>2026-10-02T13:45:07Z</time></trkpt><trkpt lat="46.529900000000026" lon="12.012007999999984"><ele>2536.181</ele><time>2026-10-02T13:45:13Z</time></trkpt><trkpt lat="46.529872000000026" lon="12.011953999999983"><ele>2536.519</ele><time>2026-10-02T13:45:26Z</time></trkpt><trkpt lat="46.52981800000003" lon="12.011967999999984"><ele>2537.509</ele><time>2026-10-02T13:45:42Z</time></trkpt><trkpt lat="46.52978600000003" lon="12.012042999999984"><ele>2538.928</ele><time>2026-10-02T13:45:48Z</time></trkpt><trkpt lat="46.52977500000003" lon="12.012118999999984"><ele>2540.954</ele><time>2026-10-02T13:45:56Z</time></trkpt><trkpt lat="46.52980900000003" lon="12.012164999999984"><ele>2542.645</ele><time>2026-10-02T13:46:04Z</time></trkpt><trkpt lat="46.52983100000003" lon="12.012229999999983"><ele>2543.927</ele><time>2026-10-02T13:46:13Z</time></trkpt><trkpt lat="46.52979200000003" lon="12.012193999999983"><ele>2545.366</ele><time>2026-10-02T13:46:36Z</time></trkpt><trkpt lat="46.529754000000025" lon="12.012234999999983"><ele>2546.325</ele><time>2026-10-02T13:46:44Z</time></trkpt><trkpt lat="46.52972100000002" lon="12.012188999999983"><ele>2547.369</ele><time>2026-10-02T13:46:51Z</time></trkpt><trkpt lat="46.52969400000002" lon="12.012122999999983"><ele>2548.987</ele><time>2026-10-02T13:47:21Z</time></trkpt><trkpt lat="46.52966400000002" lon="12.012069999999984"><ele>2550.545</ele><time>2026-10-02T13:47:28Z</time></trkpt><trkpt lat="46.52962100000002" lon="12.012099999999984"><ele>2553.446</ele><time>2026-10-02T13:47:43Z</time></trkpt><trkpt lat="46.52967500000002" lon="12.012096999999985"><ele>2556.088</ele><time>2026-10-02T13:48:50Z</time></trkpt><trkpt lat="46.52963600000002" lon="12.012049999999984"><ele>2557.316</ele><time>2026-10-02T13:49:00Z</time></trkpt><trkpt lat="46.52958200000002" lon="12.012014999999984"><ele>2558.109</ele><time>2026-10-02T13:49:05Z</time></trkpt><trkpt lat="46.52953600000002" lon="12.011998999999983"><ele>2558.336</ele><time>2026-10-02T13:49:12Z</time></trkpt><trkpt lat="46.52948000000002" lon="12.011963999999983"><ele>2558.982</ele><time>2026-10-02T13:50:13Z</time></trkpt><trkpt lat="46.52950900000002" lon="12.012019999999984"><ele>2559.133</ele><time>2026-10-02T13:50:18Z</time></trkpt><trkpt lat="46.52954900000002" lon="12.012052999999984"><ele>2559.995</ele><time>2026-10-02T13:50:41Z</time></trkpt><trkpt lat="46.52954900000002" lon="12.011973999999984"><ele>2560.394</ele><time>2026-10-02T13:51:55Z</time></trkpt><trkpt lat="46.529508000000014" lon="12.011930999999985"><ele>2560.453</ele><time>2026-10-02T13:51:58Z</time></trkpt><trkpt lat="46.529463000000014" lon="12.011836999999984"><ele>2560.537</ele><time>2026-10-02T13:52:11Z</time></trkpt><trkpt lat="46.529480000000014" lon="12.011762999999984"><ele>2560.665</ele><time>2026-10-02T13:52:18Z</time></trkpt><trkpt lat="46.52946900000001" lon="12.011695999999985"><ele>2562.133</ele><time>2026-10-02T13:52:23Z</time></trkpt><trkpt lat="46.52946400000001" lon="12.011624999999984"><ele>2562.712</ele><time>2026-10-02T13:52:30Z</time></trkpt><trkpt lat="46.52941900000001" lon="12.011590999999985"><ele>2564.232</ele><time>2026-10-02T13:52:39Z</time></trkpt><trkpt lat="46.52939200000001" lon="12.011654999999985"><ele>2564.905</ele><time>2026-10-02T13:52:46Z</time></trkpt><trkpt lat="46.52934700000001" lon="12.011707999999985"><ele>2566.309</ele><time>2026-10-02T13:52:57Z</time></trkpt><trkpt lat="46.52930800000001" lon="12.011752999999985"><ele>2567.573</ele><time>2026-10-02T13:53:11Z</time></trkpt><trkpt lat="46.52931600000001" lon="12.011685999999985"><ele>2568.899</ele><time>2026-10-02T13:53:20Z</time></trkpt><trkpt lat="46.529323000000005" lon="12.011615999999986"><ele>2570.420</ele><time>2026-10-02T13:53:29Z</time></trkpt><trkpt lat="46.52931100000001" lon="12.011551999999986"><ele>2572.032</ele><time>2026-10-02T13:53:36Z</time></trkpt><trkpt lat="46.52931600000001" lon="12.011483999999985"><ele>2573.781</ele><time>2026-10-02T13:53:42Z</time></trkpt><trkpt lat="46.52927100000001" lon="12.011500999999985"><ele>2575.450</ele><time>2026-10-02T13:53:51Z</time></trkpt><trkpt lat="46.52923500000001" lon="12.011547999999985"><ele>2576.894</ele><time>2026-10-02T13:53:57Z</time></trkpt><trkpt lat="46.529202000000005" lon="12.011487999999986"><ele>2578.032</ele><time>2026-10-02T13:54:11Z</time></trkpt><trkpt lat="46.529208000000004" lon="12.011416999999986"><ele>2579.290</ele><time>2026-10-02T13:54:17Z</time></trkpt><trkpt lat="46.529233000000005" lon="12.011347999999986"><ele>2581.077</ele><time>2026-10-02T13:54:24Z</time></trkpt><trkpt lat="46.52918700000001" lon="12.011384999999986"><ele>2582.861</ele><time>2026-10-02T13:54:37Z</time></trkpt><trkpt lat="46.529151000000006" lon="12.011426999999987"><ele>2583.627</ele><time>2026-10-02T13:54:43Z</time></trkpt><trkpt lat="46.529118000000004" lon="12.011477999999986"><ele>2584.909</ele><time>2026-10-02T13:54:51Z</time></trkpt><trkpt lat="46.529084000000005" lon="12.011524999999986"><ele>2585.959</ele><time>2026-10-02T13:55:01Z</time></trkpt><trkpt lat="46.529057" lon="12.011579999999986"><ele>2586.635</ele><time>2026-10-02T13:55:06Z</time></trkpt><trkpt lat="46.529022000000005" lon="12.011626999999987"><ele>2588.246</ele><time>2026-10-02T13:55:21Z</time></trkpt><trkpt lat="46.528994000000004" lon="12.011561999999987"><ele>2589.798</ele><time>2026-10-02T13:56:47Z</time></trkpt><trkpt lat="46.52898700000001" lon="12.011484999999988"><ele>2591.377</ele><time>2026-10-02T13:56:53Z</time></trkpt><trkpt lat="46.52898100000001" lon="12.011416999999987"><ele>2593.786</ele><time>2026-10-02T13:57:00Z</time></trkpt><trkpt lat="46.52895600000001" lon="12.011357999999987"><ele>2595.440</ele><time>2026-10-02T13:57:11Z</time></trkpt><trkpt lat="46.528926000000006" lon="12.011408999999986"><ele>2596.698</ele><time>2026-10-02T13:57:17Z</time></trkpt><trkpt lat="46.528893000000004" lon="12.011466999999985"><ele>2598.166</ele><time>2026-10-02T13:57:23Z</time></trkpt><trkpt lat="46.528857" lon="12.011526999999985"><ele>2599.251</ele><time>2026-10-02T13:57:29Z</time></trkpt><trkpt lat="46.528873000000004" lon="12.011602999999985"><ele>2600.101</ele><time>2026-10-02T13:57:45Z</time></trkpt><trkpt lat="46.528839000000005" lon="12.011646999999986"><ele>2600.911</ele><time>2026-10-02T13:57:54Z</time></trkpt><trkpt lat="46.528904000000004" lon="12.011692999999985"><ele>2602.509</ele><time>2026-10-02T13:58:15Z</time></trkpt><trkpt lat="46.52893" lon="12.011629999999984"><ele>2602.957</ele><time>2026-10-02T13:58:43Z</time></trkpt><trkpt lat="46.528928" lon="12.011707999999985"><ele>2602.953</ele><time>2026-10-02T13:58:56Z</time></trkpt><trkpt lat="46.528895" lon="12.011643999999984"><ele>2602.854</ele><time>2026-10-02T13:58:58Z</time></trkpt><trkpt lat="46.528847999999996" lon="12.011626999999985"><ele>2602.746</ele><time>2026-10-02T13:59:11Z</time></trkpt><trkpt lat="46.528845999999994" lon="12.011692999999985"><ele>2602.725</ele><time>2026-10-02T13:59:24Z</time></trkpt><trkpt lat="46.528887" lon="12.011650999999985"><ele>2602.774</ele><time>2026-10-02T13:59:31Z</time></trkpt><trkpt lat="46.528884" lon="12.011741999999984"><ele>2602.638</ele><time>2026-10-02T13:59:37Z</time></trkpt><trkpt lat="46.528893" lon="12.011831999999984"><ele>2602.576</ele><time>2026-10-02T13:59:42Z</time></trkpt><trkpt lat="46.528811" lon="12.011775999999983"><ele>2601.944</ele><time>2026-10-02T13:59:45Z</time></trkpt><trkpt lat="46.528881999999996" lon="12.011753999999984"><ele>2601.394</ele><time>2026-10-02T13:59:47Z</time></trkpt><trkpt lat="46.52885199999999" lon="12.012059999999984"><ele>2601.057</ele><time>2026-10-02T13:59:48Z</time></trkpt><trkpt lat="46.52887199999999" lon="12.011923999999985"><ele>2600.922</ele><time>2026-10-02T13:59:49Z</time></trkpt><trkpt lat="46.52888699999999" lon="12.011807999999984"><ele>2600.809</ele><time>2026-10-02T13:59:50Z</time></trkpt><trkpt lat="46.52891299999999" lon="12.011650999999985"><ele>2600.861</ele><time>2026-10-02T13:59:52Z</time></trkpt><trkpt lat="46.52887299999999" lon="12.011683999999985"><ele>2600.897</ele><time>2026-10-02T14:00:11Z</time></trkpt><trkpt lat="46.52890999999999" lon="12.011741999999984"><ele>2600.788</ele><time>2026-10-02T14:00:23Z</time></trkpt><trkpt lat="46.52886599999999" lon="12.011688999999985"><ele>2600.790</ele><time>2026-10-02T14:00:59Z</time></trkpt><trkpt lat="46.528877999999985" lon="12.011617999999984"><ele>2600.789</ele><time>2026-10-02T14:01:04Z</time></trkpt><trkpt lat="46.52894399999998" lon="12.011538999999985"><ele>2600.868</ele><time>2026-10-02T14:01:29Z</time></trkpt><trkpt lat="46.52890799999998" lon="12.011605999999984"><ele>2601.312</ele><time>2026-10-02T14:01:36Z</time></trkpt><trkpt lat="46.52885099999998" lon="12.011584999999984"><ele>2601.860</ele><time>2026-10-02T14:01:41Z</time></trkpt><trkpt lat="46.52889999999998" lon="12.011564999999985"><ele>2601.888</ele><time>2026-10-02T14:02:08Z</time></trkpt><trkpt lat="46.52884599999998" lon="12.011529999999984"><ele>2601.865</ele><time>2026-10-02T14:02:36Z</time></trkpt><trkpt lat="46.52885399999998" lon="12.011599999999984"><ele>2601.868</ele><time>2026-10-02T14:02:41Z</time></trkpt><trkpt lat="46.528863999999984" lon="12.011525999999984"><ele>2601.814</ele><time>2026-10-02T14:02:59Z</time></trkpt><trkpt lat="46.52887299999998" lon="12.011461999999984"><ele>2602.109</ele><time>2026-10-02T14:04:13Z</time></trkpt><trkpt lat="46.528826999999986" lon="12.011445999999983"><ele>2602.598</ele><time>2026-10-02T14:05:29Z</time></trkpt><trkpt lat="46.528795999999986" lon="12.011496999999983"><ele>2602.894</ele><time>2026-10-02T14:05:37Z</time></trkpt><trkpt lat="46.52878699999999" lon="12.011423999999982"><ele>2603.075</ele><time>2026-10-02T14:06:33Z</time></trkpt><trkpt lat="46.52874699999999" lon="12.011387999999982"><ele>2603.897</ele><time>2026-10-02T14:06:46Z</time></trkpt><trkpt lat="46.52870799999999" lon="12.011441999999983"><ele>2605.326</ele><time>2026-10-02T14:06:48Z</time></trkpt><trkpt lat="46.52866199999999" lon="12.011486999999983"><ele>2606.435</ele><time>2026-10-02T14:06:54Z</time></trkpt><trkpt lat="46.52862299999999" lon="12.011536999999983"><ele>2606.999</ele><time>2026-10-02T14:07:00Z</time></trkpt><trkpt lat="46.52871399999999" lon="12.011195999999982"><ele>2606.297</ele><time>2026-10-02T14:07:34Z</time></trkpt><trkpt lat="46.528579999999984" lon="12.011261999999983"><ele>2605.335</ele><time>2026-10-02T14:07:35Z</time></trkpt><trkpt lat="46.528581999999986" lon="12.011334999999983"><ele>2605.369</ele><time>2026-10-02T14:07:36Z</time></trkpt><trkpt lat="46.528337999999984" lon="12.011727999999984"><ele>2607.704</ele><time>2026-10-02T14:10:38Z</time></trkpt><trkpt lat="46.52862099999999" lon="12.011229999999983"><ele>2607.724</ele><time>2026-10-02T14:10:39Z</time></trkpt><trkpt lat="46.528714999999984" lon="12.011357999999984"><ele>2607.609</ele><time>2026-10-02T14:10:40Z</time></trkpt><trkpt lat="46.528773999999984" lon="12.011342999999984"><ele>2607.568</ele><time>2026-10-02T14:10:41Z</time></trkpt><trkpt lat="46.528792999999986" lon="12.011282999999985"><ele>2607.694</ele><time>2026-10-02T14:11:24Z</time></trkpt><trkpt lat="46.52879999999998" lon="12.011215999999985"><ele>2607.935</ele><time>2026-10-02T14:11:33Z</time></trkpt><trkpt lat="46.52879999999998" lon="12.011143999999986"><ele>2608.287</ele><time>2026-10-02T14:11:44Z</time></trkpt><trkpt lat="46.528809999999986" lon="12.011077999999985"><ele>2608.756</ele><time>2026-10-02T14:11:50Z</time></trkpt><trkpt lat="46.52881199999999" lon="12.011000999999986"><ele>2609.745</ele><time>2026-10-02T14:11:58Z</time></trkpt><trkpt lat="46.52880599999999" lon="12.010930999999987"><ele>2610.459</ele><time>2026-10-02T14:12:06Z</time></trkpt><trkpt lat="46.52877199999999" lon="12.010880999999987"><ele>2611.047</ele><time>2026-10-02T14:12:13Z</time></trkpt><trkpt lat="46.52874399999999" lon="12.010827999999988"><ele>2611.775</ele><time>2026-10-02T14:12:26Z</time></trkpt><trkpt lat="46.52871399999999" lon="12.010777999999988"><ele>2612.534</ele><time>2026-10-02T14:12:35Z</time></trkpt><trkpt lat="46.528685999999986" lon="12.010833999999988"><ele>2613.355</ele><time>2026-10-02T14:12:46Z</time></trkpt><trkpt lat="46.528640999999986" lon="12.010799999999989"><ele>2614.210</ele><time>2026-10-02T14:13:03Z</time></trkpt><trkpt lat="46.52860599999999" lon="12.01075399999999"><ele>2615.109</ele><time>2026-10-02T14:13:12Z</time></trkpt><trkpt lat="46.52858299999999" lon="12.010811999999989"><ele>2616.435</ele><time>2026-10-02T14:13:20Z</time></trkpt><trkpt lat="46.52854399999999" lon="12.010764999999989"><ele>2617.841</ele><time>2026-10-02T14:13:29Z</time></trkpt><trkpt lat="46.52852399999999" lon="12.010695999999989"><ele>2618.982</ele><time>2026-10-02T14:13:37Z</time></trkpt><trkpt lat="46.52853399999999" lon="12.010629999999988"><ele>2620.324</ele><time>2026-10-02T14:13:44Z</time></trkpt><trkpt lat="46.528544" lon="12.010563999999988"><ele>2621.683</ele><time>2026-10-02T14:13:53Z</time></trkpt><trkpt lat="46.528546999999996" lon="12.010494999999988"><ele>2622.732</ele><time>2026-10-02T14:14:03Z</time></trkpt><trkpt lat="46.528515" lon="12.010446999999989"><ele>2623.596</ele><time>2026-10-02T14:14:20Z</time></trkpt><trkpt lat="46.528473" lon="12.01041999999999"><ele>2624.824</ele><time>2026-10-02T14:14:33Z</time></trkpt><trkpt lat="46.528438" lon="12.01046699999999"><ele>2626.592</ele><time>2026-10-02T14:14:42Z</time></trkpt><trkpt lat="46.528407" lon="12.01051399999999"><ele>2627.913</ele><time>2026-10-02T14:14:49Z</time></trkpt><trkpt lat="46.528363" lon="12.01055199999999"><ele>2628.943</ele><time>2026-10-02T14:14:57Z</time></trkpt><trkpt lat="46.528318999999996" lon="12.01058799999999"><ele>2629.507</ele><time>2026-10-02T14:15:04Z</time></trkpt><trkpt lat="46.528276999999996" lon="12.01061299999999"><ele>2630.309</ele><time>2026-10-02T14:15:13Z</time></trkpt><trkpt lat="46.52823599999999" lon="12.01064199999999"><ele>2631.143</ele><time>2026-10-02T14:15:23Z</time></trkpt><trkpt lat="46.528198999999994" lon="12.01068899999999"><ele>2632.019</ele><time>2026-10-02T14:15:32Z</time></trkpt><trkpt lat="46.528181999999994" lon="12.010749999999991"><ele>2633.280</ele><time>2026-10-02T14:15:41Z</time></trkpt><trkpt lat="46.52809599999999" lon="12.010817999999992"><ele>2634.452</ele><time>2026-10-02T14:15:52Z</time></trkpt><trkpt lat="46.52815699999999" lon="12.010803999999991"><ele>2634.481</ele><time>2026-10-02T14:16:17Z</time></trkpt><trkpt lat="46.52820199999999" lon="12.010838999999992"><ele>2634.470</ele><time>2026-10-02T14:16:19Z</time></trkpt><trkpt lat="46.52817699999999" lon="12.010898999999991"><ele>2634.434</ele><time>2026-10-02T14:16:43Z</time></trkpt><trkpt lat="46.528147999999995" lon="12.010952999999992"><ele>2634.492</ele><time>2026-10-02T14:16:46Z</time></trkpt><trkpt lat="46.528113999999995" lon="12.011014999999992"><ele>2634.750</ele><time>2026-10-02T14:16:50Z</time></trkpt><trkpt lat="46.52802" lon="12.010840999999992"><ele>2635.171</ele><time>2026-10-02T14:19:52Z</time></trkpt><trkpt lat="46.528135999999996" lon="12.010684999999992"><ele>2634.741</ele><time>2026-10-02T14:19:53Z</time></trkpt><trkpt lat="46.528135" lon="12.010618999999991"><ele>2634.715</ele><time>2026-10-02T14:20:05Z</time></trkpt><trkpt lat="46.528145" lon="12.010692999999991"><ele>2634.809</ele><time>2026-10-02T14:20:06Z</time></trkpt><trkpt lat="46.528184" lon="12.01065799999999"><ele>2634.879</ele><time>2026-10-02T14:20:14Z</time></trkpt><trkpt lat="46.528211000000006" lon="12.01059199999999"><ele>2634.955</ele><time>2026-10-02T14:20:19Z</time></trkpt><trkpt lat="46.528231000000005" lon="12.01051599999999"><ele>2634.946</ele><time>2026-10-02T14:20:24Z</time></trkpt><trkpt lat="46.528186000000005" lon="12.01049299999999"><ele>2635.128</ele><time>2026-10-02T14:20:33Z</time></trkpt><trkpt lat="46.528144000000005" lon="12.01053299999999"><ele>2635.827</ele><time>2026-10-02T14:20:40Z</time></trkpt><trkpt lat="46.5281" lon="12.01056599999999"><ele>2637.376</ele><time>2026-10-02T14:20:47Z</time></trkpt><trkpt lat="46.528062" lon="12.01060699999999"><ele>2638.830</ele><time>2026-10-02T14:20:52Z</time></trkpt><trkpt lat="46.528014999999996" lon="12.010614999999989"><ele>2640.078</ele><time>2026-10-02T14:21:01Z</time></trkpt><trkpt lat="46.528012" lon="12.010548999999989"><ele>2640.956</ele><time>2026-10-02T14:21:10Z</time></trkpt><trkpt lat="46.528012999999994" lon="12.010480999999988"><ele>2641.854</ele><time>2026-10-02T14:21:17Z</time></trkpt><trkpt lat="46.528006" lon="12.010414999999988"><ele>2643.456</ele><time>2026-10-02T14:21:23Z</time></trkpt><trkpt lat="46.527955999999996" lon="12.010424999999987"><ele>2644.811</ele><time>2026-10-02T14:21:30Z</time></trkpt><trkpt lat="46.527908" lon="12.010435999999988"><ele>2645.909</ele><time>2026-10-02T14:21:37Z</time></trkpt><trkpt lat="46.527854999999995" lon="12.010448999999987"><ele>2647.297</ele><time>2026-10-02T14:21:45Z</time></trkpt><trkpt lat="46.527812" lon="12.010505999999987"><ele>2648.673</ele><time>2026-10-02T14:21:50Z</time></trkpt><trkpt lat="46.527777" lon="12.010553999999987"><ele>2650.244</ele><time>2026-10-02T14:21:58Z</time></trkpt><trkpt lat="46.527742" lon="12.010603999999987"><ele>2651.426</ele><time>2026-10-02T14:22:24Z</time></trkpt><trkpt lat="46.527710000000006" lon="12.010661999999986"><ele>2652.285</ele><time>2026-10-02T14:22:31Z</time></trkpt><trkpt lat="46.527683" lon="12.010721999999985"><ele>2653.444</ele><time>2026-10-02T14:22:38Z</time></trkpt><trkpt lat="46.527613" lon="12.010724999999985"><ele>2654.278</ele><time>2026-10-02T14:22:40Z</time></trkpt><trkpt lat="46.527567000000005" lon="12.010767999999985"><ele>2654.376</ele><time>2026-10-02T14:22:42Z</time></trkpt><trkpt lat="46.527816" lon="12.010895999999985"><ele>2654.414</ele><time>2026-10-02T14:25:25Z</time></trkpt><trkpt lat="46.527697" lon="12.010808999999984"><ele>2654.515</ele><time>2026-10-02T14:25:26Z</time></trkpt><trkpt lat="46.527733000000005" lon="12.010646999999985"><ele>2654.665</ele><time>2026-10-02T14:25:27Z</time></trkpt><trkpt lat="46.527733000000005" lon="12.010570999999985"><ele>2654.711</ele><time>2026-10-02T14:25:29Z</time></trkpt><trkpt lat="46.527775000000005" lon="12.010545999999984"><ele>2654.809</ele><time>2026-10-02T14:25:47Z</time></trkpt><trkpt lat="46.527792000000005" lon="12.010481999999984"><ele>2654.973</ele><time>2026-10-02T14:26:24Z</time></trkpt><trkpt lat="46.527796" lon="12.010411999999985"><ele>2654.969</ele><time>2026-10-02T14:26:31Z</time></trkpt><trkpt lat="46.527819" lon="12.010345999999984"><ele>2655.380</ele><time>2026-10-02T14:26:36Z</time></trkpt><trkpt lat="46.527836" lon="12.010285999999985"><ele>2656.162</ele><time>2026-10-02T14:26:40Z</time></trkpt><trkpt lat="46.52785" lon="12.010220999999985"><ele>2656.821</ele><time>2026-10-02T14:26:44Z</time></trkpt><trkpt lat="46.527861" lon="12.010149999999985"><ele>2657.350</ele><time>2026-10-02T14:26:48Z</time></trkpt><trkpt lat="46.527874000000004" lon="12.010080999999985"><ele>2657.994</ele><time>2026-10-02T14:26:53Z</time></trkpt><trkpt lat="46.527876000000006" lon="12.010012999999985"><ele>2658.692</ele><time>2026-10-02T14:26:59Z</time></trkpt><trkpt lat="46.52783000000001" lon="12.010037999999986"><ele>2659.020</ele><time>2026-10-02T14:27:06Z</time></trkpt><trkpt lat="46.527792000000005" lon="12.010080999999985"><ele>2659.149</ele><time>2026-10-02T14:27:11Z</time></trkpt><trkpt lat="46.527756000000004" lon="12.010120999999986"><ele>2659.602</ele><time>2026-10-02T14:27:17Z</time></trkpt><trkpt lat="46.527765" lon="12.010049999999985"><ele>2660.122</ele><time>2026-10-02T14:27:28Z</time></trkpt><trkpt lat="46.527777" lon="12.009984999999986"><ele>2660.509</ele><time>2026-10-02T14:27:33Z</time></trkpt><trkpt lat="46.527784" lon="12.009911999999986"><ele>2661.226</ele><time>2026-10-02T14:27:38Z</time></trkpt><trkpt lat="46.527777" lon="12.009835999999986"><ele>2662.032</ele><time>2026-10-02T14:27:43Z</time></trkpt><trkpt lat="46.527784" lon="12.009761999999986"><ele>2662.873</ele><time>2026-10-02T14:27:49Z</time></trkpt><trkpt lat="46.527755" lon="12.009709999999986"><ele>2663.615</ele><time>2026-10-02T14:28:30Z</time></trkpt><trkpt lat="46.527709" lon="12.009692999999986"><ele>2664.414</ele><time>2026-10-02T14:28:35Z</time></trkpt><trkpt lat="46.527663000000004" lon="12.009719999999986"><ele>2665.193</ele><time>2026-10-02T14:28:40Z</time></trkpt><trkpt lat="46.527615000000004" lon="12.009752999999986"><ele>2665.677</ele><time>2026-10-02T14:28:46Z</time></trkpt><trkpt lat="46.52760000000001" lon="12.009816999999986"><ele>2666.645</ele><time>2026-10-02T14:29:05Z</time></trkpt><trkpt lat="46.52759400000001" lon="12.009885999999986"><ele>2668.243</ele><time>2026-10-02T14:29:47Z</time></trkpt><trkpt lat="46.52755900000001" lon="12.009832999999986"><ele>2669.619</ele><time>2026-10-02T14:30:30Z</time></trkpt><trkpt lat="46.52760100000001" lon="12.009802999999986"><ele>2670.209</ele><time>2026-10-02T14:32:52Z</time></trkpt><trkpt lat="46.52764600000001" lon="12.009793999999985"><ele>2670.219</ele><time>2026-10-02T14:33:01Z</time></trkpt><trkpt lat="46.527687000000014" lon="12.009753999999985"><ele>2670.209</ele><time>2026-10-02T14:33:19Z</time></trkpt><trkpt lat="46.52772800000002" lon="12.009711999999984"><ele>2670.113</ele><time>2026-10-02T14:33:24Z</time></trkpt><trkpt lat="46.52772400000002" lon="12.009627999999985"><ele>2669.759</ele><time>2026-10-02T14:33:28Z</time></trkpt><trkpt lat="46.52772200000002" lon="12.009553999999985"><ele>2668.780</ele><time>2026-10-02T14:33:33Z</time></trkpt><trkpt lat="46.527712000000015" lon="12.009483999999986"><ele>2667.782</ele><time>2026-10-02T14:33:37Z</time></trkpt><trkpt lat="46.52771000000001" lon="12.009407999999986"><ele>2667.451</ele><time>2026-10-02T14:33:41Z</time></trkpt><trkpt lat="46.527707000000014" lon="12.009340999999987"><ele>2667.460</ele><time>2026-10-02T14:33:45Z</time></trkpt><trkpt lat="46.527712000000015" lon="12.009272999999986"><ele>2667.494</ele><time>2026-10-02T14:33:49Z</time></trkpt><trkpt lat="46.527718000000014" lon="12.009202999999987"><ele>2667.922</ele><time>2026-10-02T14:33:54Z</time></trkpt><trkpt lat="46.52770200000001" lon="12.009121999999987"><ele>2668.620</ele><time>2026-10-02T14:34:26Z</time></trkpt><trkpt lat="46.52771400000001" lon="12.009053999999987"><ele>2669.393</ele><time>2026-10-02T14:34:39Z</time></trkpt><trkpt lat="46.52773100000001" lon="12.008992999999986"><ele>2670.065</ele><time>2026-10-02T14:34:43Z</time></trkpt><trkpt lat="46.52774200000001" lon="12.008922999999987"><ele>2670.421</ele><time>2026-10-02T14:34:47Z</time></trkpt><trkpt lat="46.52776800000001" lon="12.008863999999987"><ele>2670.609</ele><time>2026-10-02T14:34:51Z</time></trkpt><trkpt lat="46.52779200000001" lon="12.008800999999986"><ele>2671.161</ele><time>2026-10-02T14:34:55Z</time></trkpt><trkpt lat="46.527805000000015" lon="12.008727999999985"><ele>2671.667</ele><time>2026-10-02T14:34:59Z</time></trkpt><trkpt lat="46.52775000000001" lon="12.008747999999985"><ele>2672.278</ele><time>2026-10-02T14:35:04Z</time></trkpt><trkpt lat="46.52770500000001" lon="12.008761999999985"><ele>2672.840</ele><time>2026-10-02T14:35:09Z</time></trkpt><trkpt lat="46.527662000000014" lon="12.008810999999985"><ele>2673.469</ele><time>2026-10-02T14:35:14Z</time></trkpt><trkpt lat="46.527642000000014" lon="12.008878999999986"><ele>2674.258</ele><time>2026-10-02T14:35:18Z</time></trkpt><trkpt lat="46.52762700000002" lon="12.008940999999986"><ele>2675.452</ele><time>2026-10-02T14:35:23Z</time></trkpt><trkpt lat="46.527616000000016" lon="12.009007999999985"><ele>2676.550</ele><time>2026-10-02T14:35:35Z</time></trkpt><trkpt lat="46.52759300000002" lon="12.009070999999986"><ele>2677.148</ele><time>2026-10-02T14:36:00Z</time></trkpt><trkpt lat="46.52755600000002" lon="12.009113999999986"><ele>2677.418</ele><time>2026-10-02T14:36:32Z</time></trkpt><trkpt lat="46.52752200000002" lon="12.009066999999986"><ele>2677.598</ele><time>2026-10-02T14:36:43Z</time></trkpt><trkpt lat="46.527498000000016" lon="12.009009999999986"><ele>2677.517</ele><time>2026-10-02T14:36:54Z</time></trkpt><trkpt lat="46.52752000000002" lon="12.008940999999986"><ele>2677.509</ele><time>2026-10-02T14:36:57Z</time></trkpt><trkpt lat="46.527549000000015" lon="12.008875999999987"><ele>2677.533</ele><time>2026-10-02T14:37:45Z</time></trkpt><trkpt lat="46.527552000000014" lon="12.008791999999987"><ele>2677.469</ele><time>2026-10-02T14:37:48Z</time></trkpt><trkpt lat="46.527552000000014" lon="12.008724999999988"><ele>2676.860</ele><time>2026-10-02T14:37:51Z</time></trkpt><trkpt lat="46.52757600000002" lon="12.008804999999988"><ele>2676.352</ele><time>2026-10-02T14:38:03Z</time></trkpt><trkpt lat="46.52764500000002" lon="12.008763999999989"><ele>2676.381</ele><time>2026-10-02T14:38:04Z</time></trkpt><trkpt lat="46.52758900000002" lon="12.008810999999989"><ele>2678.010</ele><time>2026-10-02T14:38:07Z</time></trkpt><trkpt lat="46.52759800000002" lon="12.008889999999989"><ele>2678.014</ele><time>2026-10-02T14:38:13Z</time></trkpt><trkpt lat="46.52763700000002" lon="12.008932999999988"><ele>2678.582</ele><time>2026-10-02T14:38:20Z</time></trkpt><trkpt lat="46.52759400000002" lon="12.00901499999999"><ele>2678.710</ele><time>2026-10-02T14:38:25Z</time></trkpt><trkpt lat="46.527545000000025" lon="12.009062999999989"><ele>2678.735</ele><time>2026-10-02T14:38:27Z</time></trkpt><trkpt lat="46.527491000000026" lon="12.009113999999988"><ele>2678.786</ele><time>2026-10-02T14:38:29Z</time></trkpt><trkpt lat="46.527438000000025" lon="12.009162999999988"><ele>2678.514</ele><time>2026-10-02T14:38:31Z</time></trkpt><trkpt lat="46.52739500000003" lon="12.00918799999999"><ele>2678.009</ele><time>2026-10-02T14:38:33Z</time></trkpt><trkpt lat="46.52759200000003" lon="12.008867999999989"><ele>2677.965</ele><time>2026-10-02T14:38:37Z</time></trkpt><trkpt lat="46.52760200000003" lon="12.00879399999999"><ele>2678.091</ele><time>2026-10-02T14:38:38Z</time></trkpt><trkpt lat="46.52742500000003" lon="12.009304999999989"><ele>2678.792</ele><time>2026-10-02T14:38:41Z</time></trkpt><trkpt lat="46.527384000000026" lon="12.009373999999989"><ele>2679.874</ele><time>2026-10-02T14:38:48Z</time></trkpt><trkpt lat="46.52763100000003" lon="12.00852599999999"><ele>2681.443</ele><time>2026-10-02T14:38:50Z</time></trkpt><trkpt lat="46.52754000000003" lon="12.00917299999999"><ele>2681.652</ele><time>2026-10-02T14:38:51Z</time></trkpt><trkpt lat="46.52756200000003" lon="12.00909799999999"><ele>2681.746</ele><time>2026-10-02T14:38:52Z</time></trkpt><trkpt lat="46.52755600000003" lon="12.00903099999999"><ele>2681.624</ele><time>2026-10-02T14:38:59Z</time></trkpt><trkpt lat="46.527690000000035" lon="12.00925399999999"><ele>2681.432</ele><time>2026-10-02T14:39:02Z</time></trkpt><trkpt lat="46.52751500000004" lon="12.009026999999989"><ele>2682.325</ele><time>2026-10-02T14:41:15Z</time></trkpt><trkpt lat="46.52753600000003" lon="12.00874399999999"><ele>2683.426</ele><time>2026-10-02T14:41:16Z</time></trkpt><trkpt lat="46.527490000000036" lon="12.00873399999999"><ele>2683.408</ele><time>2026-10-02T14:42:01Z</time></trkpt><trkpt lat="46.52755600000003" lon="12.00871799999999"><ele>2683.409</ele><time>2026-10-02T14:42:13Z</time></trkpt><trkpt lat="46.52761800000003" lon="12.00874799999999"><ele>2683.154</ele><time>2026-10-02T14:42:15Z</time></trkpt><trkpt lat="46.52765300000003" lon="12.00881099999999"><ele>2682.840</ele><time>2026-10-02T14:42:16Z</time></trkpt><trkpt lat="46.52760700000003" lon="12.00886399999999"><ele>2682.191</ele><time>2026-10-02T14:42:19Z</time></trkpt><trkpt lat="46.52747300000003" lon="12.00887699999999"><ele>2681.323</ele><time>2026-10-02T14:43:15Z</time></trkpt><trkpt lat="46.52750400000003" lon="12.008827999999989"><ele>2679.872</ele><time>2026-10-02T14:43:30Z</time></trkpt><trkpt lat="46.52750900000003" lon="12.00874899999999"><ele>2678.731</ele><time>2026-10-02T14:43:33Z</time></trkpt><trkpt lat="46.52750800000003" lon="12.00881699999999"><ele>2678.795</ele><time>2026-10-02T14:43:50Z</time></trkpt><trkpt lat="46.527510000000035" lon="12.00890399999999"><ele>2678.753</ele><time>2026-10-02T14:43:57Z</time></trkpt><trkpt lat="46.52747000000004" lon="12.00887499999999"><ele>2678.741</ele><time>2026-10-02T14:44:28Z</time></trkpt><trkpt lat="46.52755100000004" lon="12.00884999999999"><ele>2678.724</ele><time>2026-10-02T14:44:52Z</time></trkpt><trkpt lat="46.52750600000004" lon="12.00890599999999"><ele>2678.704</ele><time>2026-10-02T14:44:56Z</time></trkpt><trkpt lat="46.52744600000004" lon="12.008947999999991"><ele>2679.114</ele><time>2026-10-02T14:45:04Z</time></trkpt><trkpt lat="46.52736600000004" lon="12.00899899999999"><ele>2679.809</ele><time>2026-10-02T14:45:05Z</time></trkpt><trkpt lat="46.52730800000004" lon="12.00907199999999"><ele>2680.584</ele><time>2026-10-02T14:45:06Z</time></trkpt><trkpt lat="46.52791300000004" lon="12.009144999999991"><ele>2680.680</ele><time>2026-10-02T14:45:23Z</time></trkpt><trkpt lat="46.52798000000004" lon="12.009151999999991"><ele>2680.661</ele><time>2026-10-02T14:45:24Z</time></trkpt><trkpt lat="46.527658000000045" lon="12.009017999999992"><ele>2680.463</ele><time>2026-10-02T14:45:26Z</time></trkpt><trkpt lat="46.52770400000004" lon="12.009037999999991"><ele>2680.412</ele><time>2026-10-02T14:45:28Z</time></trkpt><trkpt lat="46.527478000000045" lon="12.008992999999991"><ele>2680.361</ele><time>2026-10-02T14:45:41Z</time></trkpt><trkpt lat="46.52752200000005" lon="12.009011999999991"><ele>2680.325</ele><time>2026-10-02T14:45:44Z</time></trkpt><trkpt lat="46.52757700000005" lon="12.009035999999991"><ele>2680.373</ele><time>2026-10-02T14:45:47Z</time></trkpt><trkpt lat="46.52762300000005" lon="12.00905599999999"><ele>2680.311</ele><time>2026-10-02T14:45:49Z</time></trkpt><trkpt lat="46.527675000000045" lon="12.00907099999999"><ele>2680.393</ele><time>2026-10-02T14:45:53Z</time></trkpt><trkpt lat="46.527514000000046" lon="12.009007999999989"><ele>2680.265</ele><time>2026-10-02T14:45:56Z</time></trkpt><trkpt lat="46.527422000000044" lon="12.00902899999999"><ele>2680.221</ele><time>2026-10-02T14:47:46Z</time></trkpt><trkpt lat="46.52748800000004" lon="12.00903599999999"><ele>2680.209</ele><time>2026-10-02T14:47:52Z</time></trkpt><trkpt lat="46.52721700000004" lon="12.009131999999989"><ele>2684.271</ele><time>2026-10-02T14:50:52Z</time></trkpt><trkpt lat="46.52715300000004" lon="12.009053999999988"><ele>2684.277</ele><time>2026-10-02T14:50:54Z</time></trkpt><trkpt lat="46.527515000000044" lon="12.008816999999988"><ele>2684.718</ele><time>2026-10-02T14:57:43Z</time></trkpt><trkpt lat="46.527452000000046" lon="12.008796999999989"><ele>2684.760</ele><time>2026-10-02T14:57:45Z</time></trkpt><trkpt lat="46.527393000000046" lon="12.008778999999988"><ele>2684.779</ele><time>2026-10-02T14:57:47Z</time></trkpt><trkpt lat="46.52733900000005" lon="12.008761999999988"><ele>2684.768</ele><time>2026-10-02T14:57:52Z</time></trkpt><trkpt lat="46.52764200000005" lon="12.009244999999988"><ele>2685.182</ele><time>2026-10-02T15:02:40Z</time></trkpt><trkpt lat="46.52754200000005" lon="12.009532999999987"><ele>2685.190</ele><time>2026-10-02T15:02:41Z</time></trkpt><trkpt lat="46.52755500000005" lon="12.009238999999987"><ele>2685.138</ele><time>2026-10-02T15:02:42Z</time></trkpt><trkpt lat="46.52755300000005" lon="12.009051999999986"><ele>2685.212</ele><time>2026-10-02T15:04:11Z</time></trkpt><trkpt lat="46.527590000000046" lon="12.009106999999986"><ele>2685.132</ele><time>2026-10-02T15:04:19Z</time></trkpt><trkpt lat="46.527171000000045" lon="12.009087999999986"><ele>2681.305</ele><time>2026-10-02T15:04:37Z</time></trkpt><trkpt lat="46.52749700000005" lon="12.008982999999986"><ele>2681.309</ele><time>2026-10-02T15:04:38Z</time></trkpt><trkpt lat="46.527602000000044" lon="12.008897999999986"><ele>2681.363</ele><time>2026-10-02T15:04:40Z</time></trkpt><trkpt lat="46.52756700000005" lon="12.008852999999986"><ele>2681.399</ele><time>2026-10-02T15:04:41Z</time></trkpt><trkpt lat="46.527565000000045" lon="12.008775999999987"><ele>2681.390</ele><time>2026-10-02T15:04:45Z</time></trkpt><trkpt lat="46.52761800000005" lon="12.008764999999986"><ele>2681.422</ele><time>2026-10-02T15:04:48Z</time></trkpt><trkpt lat="46.52766000000005" lon="12.008611999999987"><ele>2681.361</ele><time>2026-10-02T15:05:43Z</time></trkpt><trkpt lat="46.52767000000005" lon="12.008763999999987"><ele>2679.270</ele><time>2026-10-02T15:05:44Z</time></trkpt><trkpt lat="46.52753700000005" lon="12.008769999999988"><ele>2679.234</ele><time>2026-10-02T15:05:45Z</time></trkpt><trkpt lat="46.52758600000005" lon="12.008787999999988"><ele>2679.222</ele><time>2026-10-02T15:06:00Z</time></trkpt><trkpt lat="46.52758000000005" lon="12.008860999999989"><ele>2680.320</ele><time>2026-10-02T15:06:12Z</time></trkpt><trkpt lat="46.52753600000005" lon="12.008837999999988"><ele>2681.414</ele><time>2026-10-02T15:06:18Z</time></trkpt><trkpt lat="46.527495000000044" lon="12.008756999999989"><ele>2681.454</ele><time>2026-10-02T15:06:22Z</time></trkpt><trkpt lat="46.52746800000004" lon="12.00867299999999"><ele>2681.509</ele><time>2026-10-02T15:06:40Z</time></trkpt><trkpt lat="46.52756400000004" lon="12.00880299999999"><ele>2682.809</ele><time>2026-10-02T15:06:41Z</time></trkpt><trkpt lat="46.52750200000004" lon="12.00872999999999"><ele>2684.173</ele><time>2026-10-02T15:06:42Z</time></trkpt><trkpt lat="46.52754800000004" lon="12.00878899999999"><ele>2684.189</ele><time>2026-10-02T15:06:45Z</time></trkpt><trkpt lat="46.527597000000036" lon="12.008791999999989"><ele>2684.040</ele><time>2026-10-02T15:06:48Z</time></trkpt><trkpt lat="46.527499000000034" lon="12.00895999999999"><ele>2684.012</ele><time>2026-10-02T15:06:58Z</time></trkpt><trkpt lat="46.52760400000003" lon="12.00878599999999"><ele>2684.291</ele><time>2026-10-02T15:06:59Z</time></trkpt><trkpt lat="46.527431000000036" lon="12.00901599999999"><ele>2684.210</ele><time>2026-10-02T15:07:01Z</time></trkpt><trkpt lat="46.527445000000036" lon="12.00893699999999"><ele>2684.114</ele><time>2026-10-02T15:07:03Z</time></trkpt><trkpt lat="46.52760400000003" lon="12.00878099999999"><ele>2684.052</ele><time>2026-10-02T15:07:04Z</time></trkpt><trkpt lat="46.527592000000034" lon="12.00885899999999"><ele>2684.030</ele><time>2026-10-02T15:07:27Z</time></trkpt><trkpt lat="46.52761800000003" lon="12.008971999999991"><ele>2683.969</ele><time>2026-10-02T15:07:29Z</time></trkpt><trkpt lat="46.527640000000034" lon="12.009046999999992"><ele>2683.904</ele><time>2026-10-02T15:07:30Z</time></trkpt><trkpt lat="46.52767700000003" lon="12.009139999999991"><ele>2683.924</ele><time>2026-10-02T15:07:32Z</time></trkpt><trkpt lat="46.527479000000035" lon="12.008757999999991"><ele>2684.109</ele><time>2026-10-02T15:07:33Z</time></trkpt><trkpt lat="46.52760400000003" lon="12.00899399999999"><ele>2684.188</ele><time>2026-10-02T15:07:34Z</time></trkpt><trkpt lat="46.52755100000003" lon="12.008938999999991"><ele>2684.134</ele><time>2026-10-02T15:07:35Z</time></trkpt><trkpt lat="46.52758300000003" lon="12.008817999999991"><ele>2684.145</ele><time>2026-10-02T15:08:57Z</time></trkpt><trkpt lat="46.52759900000003" lon="12.008703999999991"><ele>2684.177</ele><time>2026-10-02T15:09:14Z</time></trkpt><trkpt lat="46.52755700000003" lon="12.00844099999999"><ele>2684.286</ele><time>2026-10-02T15:09:23Z</time></trkpt><trkpt lat="46.52757100000003" lon="12.008589999999991"><ele>2684.395</ele><time>2026-10-02T15:09:33Z</time></trkpt><trkpt lat="46.52757400000003" lon="12.00871399999999"><ele>2684.499</ele><time>2026-10-02T15:09:36Z</time></trkpt><trkpt lat="46.52756200000003" lon="12.00878099999999"><ele>2684.447</ele><time>2026-10-02T15:09:40Z</time></trkpt><trkpt lat="46.52752000000003" lon="12.00893199999999"><ele>2684.515</ele><time>2026-10-02T15:09:54Z</time></trkpt><trkpt lat="46.52749800000003" lon="12.008513999999991"><ele>2684.648</ele><time>2026-10-02T15:09:55Z</time></trkpt><trkpt lat="46.52747700000003" lon="12.00844599999999"><ele>2684.661</ele><time>2026-10-02T15:09:57Z</time></trkpt><trkpt lat="46.52750800000003" lon="12.00849399999999"><ele>2684.617</ele><time>2026-10-02T15:10:02Z</time></trkpt><trkpt lat="46.527493000000035" lon="12.00842899999999"><ele>2684.609</ele><time>2026-10-02T15:10:07Z</time></trkpt><trkpt lat="46.52751100000003" lon="12.00835399999999"><ele>2684.666</ele><time>2026-10-02T15:10:11Z</time></trkpt><trkpt lat="46.52750300000003" lon="12.00824399999999"><ele>2684.632</ele><time>2026-10-02T15:10:17Z</time></trkpt><trkpt lat="46.52771400000003" lon="12.008328999999991"><ele>2684.693</ele><time>2026-10-02T15:10:19Z</time></trkpt><trkpt lat="46.527755000000035" lon="12.008301999999992"><ele>2684.625</ele><time>2026-10-02T15:10:20Z</time></trkpt><trkpt lat="46.527670000000036" lon="12.008448999999992"><ele>2684.684</ele><time>2026-10-02T15:10:21Z</time></trkpt><trkpt lat="46.52771700000004" lon="12.008415999999992"><ele>2684.623</ele><time>2026-10-02T15:10:23Z</time></trkpt><trkpt lat="46.52775500000004" lon="12.008355999999992"><ele>2684.697</ele><time>2026-10-02T15:10:24Z</time></trkpt><trkpt lat="46.52760000000004" lon="12.008410999999992"><ele>2684.655</ele><time>2026-10-02T15:10:27Z</time></trkpt><trkpt lat="46.52758100000004" lon="12.008473999999993"><ele>2684.643</ele><time>2026-10-02T15:10:32Z</time></trkpt><trkpt lat="46.52756900000004" lon="12.008750999999993"><ele>2684.665</ele><time>2026-10-02T15:10:48Z</time></trkpt><trkpt lat="46.52757700000004" lon="12.008596999999993"><ele>2684.568</ele><time>2026-10-02T15:10:53Z</time></trkpt><trkpt lat="46.52757500000004" lon="12.008681999999993"><ele>2684.514</ele><time>2026-10-02T15:11:06Z</time></trkpt><trkpt lat="46.52759500000004" lon="12.008752999999993"><ele>2684.509</ele><time>2026-10-02T15:11:08Z</time></trkpt><trkpt lat="46.52754500000004" lon="12.008630999999994"><ele>2684.538</ele><time>2026-10-02T15:11:32Z</time></trkpt><trkpt lat="46.527549000000036" lon="12.008498999999993"><ele>2684.534</ele><time>2026-10-02T15:11:36Z</time></trkpt><trkpt lat="46.52756800000004" lon="12.008429999999993"><ele>2684.525</ele><time>2026-10-02T15:11:37Z</time></trkpt><trkpt lat="46.527566000000036" lon="12.008553999999993"><ele>2684.597</ele><time>2026-10-02T15:11:40Z</time></trkpt><trkpt lat="46.527575000000034" lon="12.008627999999993"><ele>2684.536</ele><time>2026-10-02T15:11:41Z</time></trkpt><trkpt lat="46.52760100000003" lon="12.008712999999993"><ele>2684.565</ele><time>2026-10-02T15:11:44Z</time></trkpt><trkpt lat="46.527639000000036" lon="12.008755999999993"><ele>2684.579</ele><time>2026-10-02T15:11:56Z</time></trkpt><trkpt lat="46.527369000000036" lon="12.009072999999994"><ele>2684.717</ele><time>2026-10-02T15:12:04Z</time></trkpt><trkpt lat="46.527341000000035" lon="12.009140999999994"><ele>2684.725</ele><time>2026-10-02T15:12:05Z</time></trkpt><trkpt lat="46.52747500000004" lon="12.008809999999995"><ele>2684.759</ele><time>2026-10-02T15:12:07Z</time></trkpt><trkpt lat="46.52758900000004" lon="12.008648999999995"><ele>2683.303</ele><time>2026-10-02T15:12:22Z</time></trkpt><trkpt lat="46.52756900000004" lon="12.008908999999996"><ele>2681.923</ele><time>2026-10-02T15:12:23Z</time></trkpt><trkpt lat="46.52761100000004" lon="12.008845999999995"><ele>2681.909</ele><time>2026-10-02T15:12:24Z</time></trkpt><trkpt lat="46.52763900000004" lon="12.008751999999994"><ele>2681.887</ele><time>2026-10-02T15:12:29Z</time></trkpt><trkpt lat="46.527593000000046" lon="12.008801999999994"><ele>2681.723</ele><time>2026-10-02T15:12:35Z</time></trkpt><trkpt lat="46.52752200000005" lon="12.008778999999993"><ele>2681.674</ele><time>2026-10-02T15:12:37Z</time></trkpt><trkpt lat="46.527481000000044" lon="12.008751999999994"><ele>2681.656</ele><time>2026-10-02T15:12:45Z</time></trkpt><trkpt lat="46.52752700000004" lon="12.008777999999994"><ele>2681.665</ele><time>2026-10-02T15:12:52Z</time></trkpt><trkpt lat="46.52756700000004" lon="12.008811999999994"><ele>2681.724</ele><time>2026-10-02T15:13:45Z</time></trkpt><trkpt lat="46.52752100000004" lon="12.008777999999994"><ele>2682.738</ele><time>2026-10-02T15:13:48Z</time></trkpt><trkpt lat="46.527557000000044" lon="12.008825999999994"><ele>2684.016</ele><time>2026-10-02T15:14:12Z</time></trkpt><trkpt lat="46.527560000000044" lon="12.008739999999994"><ele>2684.444</ele><time>2026-10-02T15:14:22Z</time></trkpt><trkpt lat="46.527545000000046" lon="12.008816999999993"><ele>2684.588</ele><time>2026-10-02T15:14:29Z</time></trkpt><trkpt lat="46.52749400000005" lon="12.008756999999994"><ele>2684.624</ele><time>2026-10-02T15:14:38Z</time></trkpt><trkpt lat="46.527528000000046" lon="12.008703999999994"><ele>2684.626</ele><time>2026-10-02T15:14:52Z</time></trkpt><trkpt lat="46.527560000000044" lon="12.008655999999995"><ele>2684.509</ele><time>2026-10-02T15:14:59Z</time></trkpt><trkpt lat="46.52758100000004" lon="12.008763999999996"><ele>2684.540</ele><time>2026-10-02T15:15:00Z</time></trkpt><trkpt lat="46.52753400000004" lon="12.008775999999996"><ele>2684.576</ele><time>2026-10-02T15:15:12Z</time></trkpt><trkpt lat="46.52757800000004" lon="12.008792999999995"><ele>2684.597</ele><time>2026-10-02T15:15:51Z</time></trkpt><trkpt lat="46.52752700000004" lon="12.008755999999995"><ele>2684.499</ele><time>2026-10-02T15:16:59Z</time></trkpt><trkpt lat="46.52750200000004" lon="12.008814999999995"><ele>2684.298</ele><time>2026-10-02T15:17:16Z</time></trkpt><trkpt lat="46.52752700000004" lon="12.008745999999995"><ele>2684.237</ele><time>2026-10-02T15:17:40Z</time></trkpt><trkpt lat="46.52758000000004" lon="12.008817999999994"><ele>2684.091</ele><time>2026-10-02T15:50:19Z</time></trkpt><trkpt lat="46.52771300000004" lon="12.008790999999995"><ele>2683.689</ele><time>2026-10-02T15:54:43Z</time></trkpt><trkpt lat="46.527529000000044" lon="12.008797999999995"><ele>2683.357</ele><time>2026-10-02T15:54:55Z</time></trkpt><trkpt lat="46.52759400000004" lon="12.008799999999995"><ele>2683.321</ele><time>2026-10-02T15:54:59Z</time></trkpt><trkpt lat="46.527529000000044" lon="12.008797999999995"><ele>2683.341</ele><time>2026-10-02T15:55:49Z</time></trkpt><trkpt lat="46.52769300000004" lon="12.008849999999995"><ele>2683.105</ele><time>2026-10-02T15:56:26Z</time></trkpt><trkpt lat="46.527529000000044" lon="12.008797999999995"><ele>2683.109</ele><time>2026-10-02T15:57:23Z</time></trkpt><trkpt lat="46.527672000000045" lon="12.008842999999995"><ele>2683.224</ele><time>2026-10-02T15:57:28Z</time></trkpt><trkpt lat="46.52759500000005" lon="12.008814999999995"><ele>2683.210</ele><time>2026-10-02T16:02:31Z</time></trkpt><trkpt lat="46.52773200000005" lon="12.008901999999996"><ele>2683.221</ele><time>2026-10-02T16:02:44Z</time></trkpt><trkpt lat="46.52753200000005" lon="12.008798999999996"><ele>2683.223</ele><time>2026-10-02T16:02:55Z</time></trkpt><trkpt lat="46.52759100000005" lon="12.008821999999997"><ele>2683.152</ele><time>2026-10-02T16:02:56Z</time></trkpt><trkpt lat="46.52754300000005" lon="12.008807999999997"><ele>2683.111</ele><time>2026-10-02T16:12:53Z</time></trkpt><trkpt lat="46.52752700000005" lon="12.008868999999997"><ele>2683.175</ele><time>2026-10-02T16:15:54Z</time></trkpt><trkpt lat="46.52762900000005" lon="12.008854999999997"><ele>2683.193</ele><time>2026-10-02T16:16:26Z</time></trkpt><trkpt lat="46.52755200000005" lon="12.008816999999997"><ele>2683.191</ele><time>2026-10-02T16:20:23Z</time></trkpt><trkpt lat="46.52751800000005" lon="12.008879999999998"><ele>2683.112</ele><time>2026-10-02T16:20:26Z</time></trkpt><trkpt lat="46.52754400000005" lon="12.008816999999997"><ele>2683.132</ele><time>2026-10-02T16:20:33Z</time></trkpt><trkpt lat="46.52757000000005" lon="12.008878999999997"><ele>2683.105</ele><time>2026-10-02T16:20:37Z</time></trkpt><trkpt lat="46.52756100000005" lon="12.008812999999996"><ele>2683.109</ele><time>2026-10-02T16:20:56Z</time></trkpt><trkpt lat="46.52760000000005" lon="12.008852999999997"><ele>2683.153</ele><time>2026-10-02T16:26:30Z</time></trkpt><trkpt lat="46.52755000000005" lon="12.008815999999996"><ele>2683.129</ele><time>2026-10-02T16:26:36Z</time></trkpt><trkpt lat="46.52758900000005" lon="12.008855999999996"><ele>2683.040</ele><time>2026-10-02T16:26:37Z</time></trkpt><trkpt lat="46.527545000000046" lon="12.008810999999996"><ele>2682.942</ele><time>2026-10-02T16:27:17Z</time></trkpt><trkpt lat="46.52768500000005" lon="12.009155999999996"><ele>2682.921</ele><time>2026-10-02T16:27:41Z</time></trkpt><trkpt lat="46.52762000000005" lon="12.008979999999996"><ele>2682.940</ele><time>2026-10-02T16:27:44Z</time></trkpt><trkpt lat="46.527551000000045" lon="12.008828999999995"><ele>2682.974</ele><time>2026-10-02T16:28:32Z</time></trkpt><trkpt lat="46.52759700000004" lon="12.008915999999996"><ele>2682.922</ele><time>2026-10-02T16:28:36Z</time></trkpt><trkpt lat="46.527638000000046" lon="12.008885999999995"><ele>2682.950</ele><time>2026-10-02T16:29:27Z</time></trkpt><trkpt lat="46.52756400000005" lon="12.008818999999995"><ele>2682.958</ele><time>2026-10-02T16:30:42Z</time></trkpt><trkpt lat="46.52760200000005" lon="12.008853999999996"><ele>2682.952</ele><time>2026-10-02T16:31:56Z</time></trkpt><trkpt lat="46.52761100000005" lon="12.008917999999996"><ele>2682.817</ele><time>2026-10-02T16:32:26Z</time></trkpt><trkpt lat="46.52754600000005" lon="12.008811999999995"><ele>2682.809</ele><time>2026-10-02T16:35:30Z</time></trkpt><trkpt lat="46.52763500000005" lon="12.008787999999996"><ele>2682.887</ele><time>2026-10-02T16:56:21Z</time></trkpt><trkpt lat="46.527603000000056" lon="12.008835999999995"><ele>2682.713</ele><time>2026-10-02T17:00:57Z</time></trkpt><trkpt lat="46.52756600000006" lon="12.008872999999996"><ele>2682.664</ele><time>2026-10-02T17:01:04Z</time></trkpt><trkpt lat="46.527525000000054" lon="12.008913999999995"><ele>2682.686</ele><time>2026-10-02T17:01:10Z</time></trkpt><trkpt lat="46.527488000000055" lon="12.008951999999995"><ele>2682.685</ele><time>2026-10-02T17:01:26Z</time></trkpt><trkpt lat="46.52744100000005" lon="12.008966999999995"><ele>2682.674</ele><time>2026-10-02T17:01:37Z</time></trkpt><trkpt lat="46.527480000000054" lon="12.008922999999994"><ele>2682.688</ele><time>2026-10-02T17:02:13Z</time></trkpt><trkpt lat="46.52752600000005" lon="12.008891999999994"><ele>2682.696</ele><time>2026-10-02T17:02:31Z</time></trkpt><trkpt lat="46.52748500000005" lon="12.008924999999994"><ele>2682.644</ele><time>2026-10-02T17:03:26Z</time></trkpt><trkpt lat="46.52751900000005" lon="12.008863999999994"><ele>2682.697</ele><time>2026-10-02T17:11:09Z</time></trkpt><trkpt lat="46.527461000000045" lon="12.008894999999994"><ele>2682.623</ele><time>2026-10-02T17:11:33Z</time></trkpt><trkpt lat="46.52750800000005" lon="12.008877999999994"><ele>2682.625</ele><time>2026-10-02T17:11:35Z</time></trkpt><trkpt lat="46.527461000000045" lon="12.008894999999994"><ele>2682.609</ele><time>2026-10-02T17:11:37Z</time></trkpt><trkpt lat="46.52753600000005" lon="12.008849999999994"><ele>2682.621</ele><time>2026-10-02T17:12:06Z</time></trkpt><trkpt lat="46.52756700000005" lon="12.008900999999993"><ele>2682.637</ele><time>2026-10-02T17:12:09Z</time></trkpt><trkpt lat="46.527506000000045" lon="12.008880999999993"><ele>2682.618</ele><time>2026-10-02T17:12:12Z</time></trkpt><trkpt lat="46.52759400000004" lon="12.008887999999994"><ele>2682.650</ele><time>2026-10-02T17:12:34Z</time></trkpt><trkpt lat="46.52756600000004" lon="12.008814999999993"><ele>2682.629</ele><time>2026-10-02T17:12:37Z</time></trkpt><trkpt lat="46.52760800000004" lon="12.008791999999993"><ele>2680.078</ele><time>2026-10-02T17:12:40Z</time></trkpt><trkpt lat="46.52761100000004" lon="12.008866999999993"><ele>2679.932</ele><time>2026-10-02T17:12:59Z</time></trkpt><trkpt lat="46.52764200000004" lon="12.008810999999993"><ele>2679.860</ele><time>2026-10-02T17:13:04Z</time></trkpt><trkpt lat="46.527655000000046" lon="12.008730999999992"><ele>2679.218</ele><time>2026-10-02T17:13:09Z</time></trkpt><trkpt lat="46.52767700000005" lon="12.008664999999992"><ele>2678.485</ele><time>2026-10-02T17:13:13Z</time></trkpt><trkpt lat="46.52771900000005" lon="12.008611999999992"><ele>2678.489</ele><time>2026-10-02T17:13:18Z</time></trkpt><trkpt lat="46.527751000000045" lon="12.008552999999992"><ele>2678.417</ele><time>2026-10-02T17:13:22Z</time></trkpt><trkpt lat="46.52778000000004" lon="12.008500999999992"><ele>2678.409</ele><time>2026-10-02T17:13:26Z</time></trkpt><trkpt lat="46.52780300000004" lon="12.008439999999991"><ele>2678.810</ele><time>2026-10-02T17:13:33Z</time></trkpt><trkpt lat="46.52783100000004" lon="12.008386999999992"><ele>2679.266</ele><time>2026-10-02T17:13:44Z</time></trkpt><trkpt lat="46.52783800000004" lon="12.008316999999993"><ele>2679.997</ele><time>2026-10-02T17:13:50Z</time></trkpt><trkpt lat="46.52784800000004" lon="12.008252999999993"><ele>2680.549</ele><time>2026-10-02T17:13:55Z</time></trkpt><trkpt lat="46.527861000000044" lon="12.008179999999992"><ele>2680.968</ele><time>2026-10-02T17:14:00Z</time></trkpt><trkpt lat="46.527883000000045" lon="12.008111999999992"><ele>2681.337</ele><time>2026-10-02T17:14:05Z</time></trkpt><trkpt lat="46.527908000000046" lon="12.00804899999999"><ele>2681.741</ele><time>2026-10-02T17:14:10Z</time></trkpt><trkpt lat="46.52792700000005" lon="12.00798799999999"><ele>2682.229</ele><time>2026-10-02T17:14:14Z</time></trkpt><trkpt lat="46.52795700000005" lon="12.00793099999999"><ele>2682.647</ele><time>2026-10-02T17:14:19Z</time></trkpt><trkpt lat="46.52799100000005" lon="12.00788099999999"><ele>2683.028</ele><time>2026-10-02T17:14:23Z</time></trkpt><trkpt lat="46.52794300000005" lon="12.007877999999991"><ele>2683.589</ele><time>2026-10-02T17:14:39Z</time></trkpt><trkpt lat="46.52790700000005" lon="12.007921999999992"><ele>2684.017</ele><time>2026-10-02T17:14:44Z</time></trkpt><trkpt lat="46.52786800000005" lon="12.007963999999992"><ele>2684.909</ele><time>2026-10-02T17:14:48Z</time></trkpt><trkpt lat="46.527863000000046" lon="12.007891999999993"><ele>2685.774</ele><time>2026-10-02T17:14:58Z</time></trkpt><trkpt lat="46.52789100000005" lon="12.007823999999992"><ele>2686.050</ele><time>2026-10-02T17:15:03Z</time></trkpt><trkpt lat="46.52787400000005" lon="12.007760999999991"><ele>2686.611</ele><time>2026-10-02T17:15:15Z</time></trkpt><trkpt lat="46.527841000000045" lon="12.007805999999992"><ele>2687.313</ele><time>2026-10-02T17:15:32Z</time></trkpt><trkpt lat="46.527886000000045" lon="12.007797999999992"><ele>2688.482</ele><time>2026-10-02T17:15:45Z</time></trkpt><trkpt lat="46.52791500000004" lon="12.007732999999993"><ele>2689.481</ele><time>2026-10-02T17:16:10Z</time></trkpt><trkpt lat="46.52796600000004" lon="12.007715999999993"><ele>2689.695</ele><time>2026-10-02T17:16:14Z</time></trkpt><trkpt lat="46.52803700000004" lon="12.007684999999993"><ele>2690.163</ele><time>2026-10-02T17:16:19Z</time></trkpt><trkpt lat="46.52808400000004" lon="12.007661999999993"><ele>2690.121</ele><time>2026-10-02T17:16:25Z</time></trkpt><trkpt lat="46.52813000000004" lon="12.007634999999993"><ele>2690.965</ele><time>2026-10-02T17:16:31Z</time></trkpt><trkpt lat="46.52816700000004" lon="12.007593999999994"><ele>2691.768</ele><time>2026-10-02T17:16:35Z</time></trkpt><trkpt lat="46.52821300000004" lon="12.007570999999993"><ele>2692.014</ele><time>2026-10-02T17:16:41Z</time></trkpt><trkpt lat="46.52824100000004" lon="12.007518999999993"><ele>2692.409</ele><time>2026-10-02T17:16:59Z</time></trkpt><trkpt lat="46.528287000000034" lon="12.007531999999992"><ele>2692.848</ele><time>2026-10-02T17:17:08Z</time></trkpt><trkpt lat="46.52832200000003" lon="12.007487999999992"><ele>2694.444</ele><time>2026-10-02T17:17:17Z</time></trkpt><trkpt lat="46.52836700000003" lon="12.00746999999999"><ele>2696.685</ele><time>2026-10-02T17:17:23Z</time></trkpt><trkpt lat="46.528405000000035" lon="12.00742499999999"><ele>2698.517</ele><time>2026-10-02T17:17:31Z</time></trkpt><trkpt lat="46.52845100000003" lon="12.00739999999999"><ele>2699.936</ele><time>2026-10-02T17:17:40Z</time></trkpt><trkpt lat="46.52850800000003" lon="12.00740299999999"><ele>2701.265</ele><time>2026-10-02T17:17:44Z</time></trkpt><trkpt lat="46.52855300000003" lon="12.00737699999999"><ele>2701.979</ele><time>2026-10-02T17:17:50Z</time></trkpt><trkpt lat="46.52861300000003" lon="12.00739099999999"><ele>2701.957</ele><time>2026-10-02T17:17:55Z</time></trkpt><trkpt lat="46.52866600000003" lon="12.007379999999989"><ele>2701.985</ele><time>2026-10-02T17:18:00Z</time></trkpt><trkpt lat="46.52871600000003" lon="12.00735099999999"><ele>2701.324</ele><time>2026-10-02T17:18:05Z</time></trkpt><trkpt lat="46.52876100000003" lon="12.00731899999999"><ele>2700.904</ele><time>2026-10-02T17:18:09Z</time></trkpt><trkpt lat="46.528805000000034" lon="12.00727499999999"><ele>2699.914</ele><time>2026-10-02T17:18:15Z</time></trkpt><trkpt lat="46.528833000000034" lon="12.00720999999999"><ele>2699.809</ele><time>2026-10-02T17:18:20Z</time></trkpt><trkpt lat="46.52887000000003" lon="12.00716499999999"><ele>2699.634</ele><time>2026-10-02T17:18:25Z</time></trkpt><trkpt lat="46.528926000000034" lon="12.00713299999999"><ele>2699.240</ele><time>2026-10-02T17:18:31Z</time></trkpt><trkpt lat="46.528968000000035" lon="12.00709499999999"><ele>2698.841</ele><time>2026-10-02T17:18:35Z</time></trkpt><trkpt lat="46.528971000000034" lon="12.00702199999999"><ele>2698.893</ele><time>2026-10-02T17:18:43Z</time></trkpt><trkpt lat="46.52893000000003" lon="12.00696999999999"><ele>2698.812</ele><time>2026-10-02T17:18:48Z</time></trkpt><trkpt lat="46.52897000000003" lon="12.006918999999991"><ele>2698.821</ele><time>2026-10-02T17:18:55Z</time></trkpt><trkpt lat="46.52892700000003" lon="12.006872999999992"><ele>2699.245</ele><time>2026-10-02T17:19:00Z</time></trkpt><trkpt lat="46.52890000000003" lon="12.006808999999992"><ele>2700.083</ele><time>2026-10-02T17:19:06Z</time></trkpt><trkpt lat="46.52894400000003" lon="12.00676499999999"><ele>2700.911</ele><time>2026-10-02T17:19:11Z</time></trkpt><trkpt lat="46.52896700000003" lon="12.006695999999991"><ele>2701.637</ele><time>2026-10-02T17:19:16Z</time></trkpt><trkpt lat="46.52900400000003" lon="12.00664699999999"><ele>2702.149</ele><time>2026-10-02T17:19:20Z</time></trkpt><trkpt lat="46.529036000000026" lon="12.00658699999999"><ele>2702.613</ele><time>2026-10-02T17:19:24Z</time></trkpt><trkpt lat="46.52907500000003" lon="12.006533999999991"><ele>2702.809</ele><time>2026-10-02T17:19:29Z</time></trkpt><trkpt lat="46.52910200000003" lon="12.006462999999991"><ele>2702.855</ele><time>2026-10-02T17:19:35Z</time></trkpt><trkpt lat="46.52911800000003" lon="12.006391999999991"><ele>2702.891</ele><time>2026-10-02T17:19:40Z</time></trkpt><trkpt lat="46.529145000000035" lon="12.00633299999999"><ele>2702.752</ele><time>2026-10-02T17:19:45Z</time></trkpt><trkpt lat="46.529168000000034" lon="12.00627199999999"><ele>2702.764</ele><time>2026-10-02T17:19:49Z</time></trkpt><trkpt lat="46.52919100000003" lon="12.00619799999999"><ele>2702.673</ele><time>2026-10-02T17:19:55Z</time></trkpt><trkpt lat="46.529224000000035" lon="12.006142999999991"><ele>2702.522</ele><time>2026-10-02T17:20:00Z</time></trkpt><trkpt lat="46.529246000000036" lon="12.006080999999991"><ele>2702.366</ele><time>2026-10-02T17:20:04Z</time></trkpt><trkpt lat="46.52927800000003" lon="12.006020999999992"><ele>2702.054</ele><time>2026-10-02T17:20:09Z</time></trkpt><trkpt lat="46.52931200000003" lon="12.005955999999992"><ele>2701.752</ele><time>2026-10-02T17:20:13Z</time></trkpt><trkpt lat="46.52934000000003" lon="12.005903999999992"><ele>2701.491</ele><time>2026-10-02T17:20:19Z</time></trkpt><trkpt lat="46.529376000000035" lon="12.005855999999993"><ele>2701.281</ele><time>2026-10-02T17:20:24Z</time></trkpt><trkpt lat="46.529407000000035" lon="12.005804999999993"><ele>2701.119</ele><time>2026-10-02T17:20:29Z</time></trkpt><trkpt lat="46.529452000000035" lon="12.005757999999993"><ele>2700.909</ele><time>2026-10-02T17:20:34Z</time></trkpt><trkpt lat="46.52949600000004" lon="12.005726999999993"><ele>2700.831</ele><time>2026-10-02T17:20:39Z</time></trkpt><trkpt lat="46.52954400000004" lon="12.005695999999993"><ele>2700.897</ele><time>2026-10-02T17:20:44Z</time></trkpt><trkpt lat="46.52959600000003" lon="12.005668999999994"><ele>2700.668</ele><time>2026-10-02T17:20:49Z</time></trkpt><trkpt lat="46.529629000000035" lon="12.005616999999994"><ele>2700.490</ele><time>2026-10-02T17:20:54Z</time></trkpt><trkpt lat="46.52962700000003" lon="12.005548999999993"><ele>2700.149</ele><time>2026-10-02T17:21:00Z</time></trkpt><trkpt lat="46.529612000000036" lon="12.005475999999993"><ele>2699.988</ele><time>2026-10-02T17:21:05Z</time></trkpt><trkpt lat="46.529598000000036" lon="12.005404999999993"><ele>2699.832</ele><time>2026-10-02T17:21:10Z</time></trkpt><trkpt lat="46.52957400000003" lon="12.005333999999992"><ele>2699.790</ele><time>2026-10-02T17:21:15Z</time></trkpt><trkpt lat="46.529559000000035" lon="12.005270999999992"><ele>2699.698</ele><time>2026-10-02T17:21:20Z</time></trkpt><trkpt lat="46.529534000000034" lon="12.005212999999992"><ele>2699.693</ele><time>2026-10-02T17:21:25Z</time></trkpt><trkpt lat="46.52954600000003" lon="12.005135999999993"><ele>2699.565</ele><time>2026-10-02T17:21:31Z</time></trkpt><trkpt lat="46.529562000000034" lon="12.005064999999993"><ele>2699.321</ele><time>2026-10-02T17:21:36Z</time></trkpt><trkpt lat="46.52957400000003" lon="12.004991999999993"><ele>2698.809</ele><time>2026-10-02T17:21:42Z</time></trkpt><trkpt lat="46.52956800000003" lon="12.004924999999993"><ele>2698.191</ele><time>2026-10-02T17:21:47Z</time></trkpt><trkpt lat="46.52956600000003" lon="12.004850999999993"><ele>2698.067</ele><time>2026-10-02T17:21:52Z</time></trkpt><trkpt lat="46.529548000000034" lon="12.004782999999993"><ele>2698.068</ele><time>2026-10-02T17:21:58Z</time></trkpt><trkpt lat="46.529595000000036" lon="12.004792999999992"><ele>2698.090</ele><time>2026-10-02T17:22:09Z</time></trkpt><trkpt lat="46.52964400000003" lon="12.004815999999993"><ele>2698.479</ele><time>2026-10-02T17:22:16Z</time></trkpt><trkpt lat="46.52969200000003" lon="12.004783999999994"><ele>2699.298</ele><time>2026-10-02T17:22:22Z</time></trkpt><trkpt lat="46.52972700000003" lon="12.004729999999993"><ele>2700.042</ele><time>2026-10-02T17:22:29Z</time></trkpt><trkpt lat="46.52972800000003" lon="12.004658999999993"><ele>2700.650</ele><time>2026-10-02T17:22:35Z</time></trkpt><trkpt lat="46.529735000000024" lon="12.004581999999994"><ele>2701.268</ele><time>2026-10-02T17:22:42Z</time></trkpt><trkpt lat="46.52975500000002" lon="12.004514999999994"><ele>2701.811</ele><time>2026-10-02T17:22:48Z</time></trkpt><trkpt lat="46.52975500000002" lon="12.004447999999995"><ele>2702.321</ele><time>2026-10-02T17:22:54Z</time></trkpt><trkpt lat="46.529760000000024" lon="12.004364999999995"><ele>2702.803</ele><time>2026-10-02T17:23:01Z</time></trkpt><trkpt lat="46.52975600000003" lon="12.004289999999994"><ele>2703.409</ele><time>2026-10-02T17:23:09Z</time></trkpt><trkpt lat="46.529720000000026" lon="12.004329999999994"><ele>2704.013</ele><time>2026-10-02T17:23:24Z</time></trkpt><trkpt lat="46.529689000000026" lon="12.004387999999993"><ele>2704.639</ele><time>2026-10-02T17:23:31Z</time></trkpt><trkpt lat="46.52966200000002" lon="12.004331999999993"><ele>2705.760</ele><time>2026-10-02T17:23:43Z</time></trkpt><trkpt lat="46.52965500000003" lon="12.004266999999993"><ele>2706.722</ele><time>2026-10-02T17:23:50Z</time></trkpt><trkpt lat="46.52965700000003" lon="12.004196999999994"><ele>2707.591</ele><time>2026-10-02T17:23:56Z</time></trkpt><trkpt lat="46.52966300000003" lon="12.004131999999995"><ele>2708.390</ele><time>2026-10-02T17:24:00Z</time></trkpt><trkpt lat="46.52966500000003" lon="12.004056999999994"><ele>2708.834</ele><time>2026-10-02T17:24:05Z</time></trkpt><trkpt lat="46.52967500000003" lon="12.003992999999994"><ele>2709.112</ele><time>2026-10-02T17:24:13Z</time></trkpt><trkpt lat="46.52967900000003" lon="12.003923999999994"><ele>2709.440</ele><time>2026-10-02T17:24:19Z</time></trkpt><trkpt lat="46.52969100000003" lon="12.003855999999994"><ele>2709.973</ele><time>2026-10-02T17:24:24Z</time></trkpt><trkpt lat="46.52970500000003" lon="12.003781999999994"><ele>2710.485</ele><time>2026-10-02T17:24:30Z</time></trkpt><trkpt lat="46.52971900000003" lon="12.003710999999994"><ele>2710.813</ele><time>2026-10-02T17:24:36Z</time></trkpt><trkpt lat="46.52971100000003" lon="12.003644999999993"><ele>2711.109</ele><time>2026-10-02T17:24:44Z</time></trkpt><trkpt lat="46.52972800000003" lon="12.003577999999994"><ele>2711.589</ele><time>2026-10-02T17:24:50Z</time></trkpt><trkpt lat="46.52975200000003" lon="12.003511999999994"><ele>2712.185</ele><time>2026-10-02T17:24:57Z</time></trkpt><trkpt lat="46.52976900000003" lon="12.003440999999993"><ele>2712.736</ele><time>2026-10-02T17:25:02Z</time></trkpt><trkpt lat="46.52978100000003" lon="12.003371999999993"><ele>2713.318</ele><time>2026-10-02T17:25:09Z</time></trkpt><trkpt lat="46.52980400000003" lon="12.003304999999994"><ele>2713.667</ele><time>2026-10-02T17:25:15Z</time></trkpt><trkpt lat="46.52979700000003" lon="12.003238999999994"><ele>2713.936</ele><time>2026-10-02T17:25:21Z</time></trkpt><trkpt lat="46.52974400000003" lon="12.003235999999994"><ele>2714.350</ele><time>2026-10-02T17:25:39Z</time></trkpt><trkpt lat="46.52972600000003" lon="12.003173999999994"><ele>2714.758</ele><time>2026-10-02T17:25:46Z</time></trkpt><trkpt lat="46.52972100000003" lon="12.003094999999995"><ele>2715.586</ele><time>2026-10-02T17:25:53Z</time></trkpt><trkpt lat="46.52976300000003" lon="12.003070999999995"><ele>2716.491</ele><time>2026-10-02T17:34:29Z</time></trkpt><trkpt lat="46.52972100000003" lon="12.003097999999994"><ele>2716.981</ele><time>2026-10-02T17:41:31Z</time></trkpt><trkpt lat="46.52972000000003" lon="12.003169999999994"><ele>2717.119</ele><time>2026-10-02T17:41:40Z</time></trkpt><trkpt lat="46.52973700000003" lon="12.003233999999994"><ele>2717.109</ele><time>2026-10-02T17:41:50Z</time></trkpt><trkpt lat="46.529778000000036" lon="12.003204999999994"><ele>2717.191</ele><time>2026-10-02T17:41:58Z</time></trkpt><trkpt lat="46.529807000000034" lon="12.003256999999994"><ele>2716.727</ele><time>2026-10-02T17:42:10Z</time></trkpt><trkpt lat="46.529804000000034" lon="12.003323999999994"><ele>2716.198</ele><time>2026-10-02T17:42:17Z</time></trkpt><trkpt lat="46.529775000000036" lon="12.003386999999995"><ele>2715.480</ele><time>2026-10-02T17:42:23Z</time></trkpt><trkpt lat="46.52976500000003" lon="12.003462999999995"><ele>2714.789</ele><time>2026-10-02T17:42:29Z</time></trkpt><trkpt lat="46.52974600000003" lon="12.003524999999994"><ele>2714.258</ele><time>2026-10-02T17:42:35Z</time></trkpt><trkpt lat="46.529728000000034" lon="12.003584999999994"><ele>2713.832</ele><time>2026-10-02T17:42:41Z</time></trkpt><trkpt lat="46.52971200000003" lon="12.003652999999995"><ele>2713.420</ele><time>2026-10-02T17:42:47Z</time></trkpt><trkpt lat="46.52971900000003" lon="12.003721999999994"><ele>2713.198</ele><time>2026-10-02T17:42:55Z</time></trkpt><trkpt lat="46.52970200000003" lon="12.003783999999994"><ele>2712.844</ele><time>2026-10-02T17:43:01Z</time></trkpt><trkpt lat="46.52969400000003" lon="12.003849999999995"><ele>2712.305</ele><time>2026-10-02T17:43:07Z</time></trkpt><trkpt lat="46.52968800000003" lon="12.003916999999994"><ele>2711.715</ele><time>2026-10-02T17:43:12Z</time></trkpt><trkpt lat="46.52968000000003" lon="12.003990999999994"><ele>2711.309</ele><time>2026-10-02T17:43:18Z</time></trkpt><trkpt lat="46.529670000000024" lon="12.004060999999993"><ele>2711.046</ele><time>2026-10-02T17:43:24Z</time></trkpt><trkpt lat="46.52966300000003" lon="12.004136999999993"><ele>2710.692</ele><time>2026-10-02T17:43:30Z</time></trkpt><trkpt lat="46.52965900000003" lon="12.004207999999993"><ele>2710.233</ele><time>2026-10-02T17:43:36Z</time></trkpt><trkpt lat="46.52965600000003" lon="12.004274999999993"><ele>2709.725</ele><time>2026-10-02T17:43:42Z</time></trkpt><trkpt lat="46.52966000000003" lon="12.004343999999993"><ele>2709.264</ele><time>2026-10-02T17:43:48Z</time></trkpt><trkpt lat="46.529658000000026" lon="12.004409999999993"><ele>2708.983</ele><time>2026-10-02T17:43:56Z</time></trkpt><trkpt lat="46.52969600000003" lon="12.004355999999992"><ele>2708.677</ele><time>2026-10-02T17:44:04Z</time></trkpt><trkpt lat="46.52972100000003" lon="12.004298999999993"><ele>2708.025</ele><time>2026-10-02T17:44:10Z</time></trkpt><trkpt lat="46.52974600000003" lon="12.004242999999992"><ele>2707.243</ele><time>2026-10-02T17:44:16Z</time></trkpt><trkpt lat="46.52976000000003" lon="12.004309999999991"><ele>2706.627</ele><time>2026-10-02T17:44:23Z</time></trkpt><trkpt lat="46.52976300000003" lon="12.004375999999992"><ele>2706.168</ele><time>2026-10-02T17:44:29Z</time></trkpt><trkpt lat="46.52975300000003" lon="12.004448999999992"><ele>2705.514</ele><time>2026-10-02T17:44:36Z</time></trkpt><trkpt lat="46.52975600000003" lon="12.004513999999991"><ele>2704.809</ele><time>2026-10-02T17:44:42Z</time></trkpt><trkpt lat="46.529734000000026" lon="12.004584999999992"><ele>2704.384</ele><time>2026-10-02T17:44:49Z</time></trkpt><trkpt lat="46.52972400000002" lon="12.004651999999991"><ele>2703.810</ele><time>2026-10-02T17:44:55Z</time></trkpt><trkpt lat="46.529726000000025" lon="12.004722999999991"><ele>2703.271</ele><time>2026-10-02T17:45:01Z</time></trkpt><trkpt lat="46.52969300000002" lon="12.004784999999991"><ele>2702.623</ele><time>2026-10-02T17:45:08Z</time></trkpt><trkpt lat="46.529647000000026" lon="12.004814999999992"><ele>2702.272</ele><time>2026-10-02T17:45:14Z</time></trkpt><trkpt lat="46.529602000000025" lon="12.004804999999992"><ele>2701.781</ele><time>2026-10-02T17:45:19Z</time></trkpt><trkpt lat="46.529566000000024" lon="12.004753999999993"><ele>2701.265</ele><time>2026-10-02T17:45:25Z</time></trkpt><trkpt lat="46.529560000000025" lon="12.004832999999993"><ele>2700.783</ele><time>2026-10-02T17:45:36Z</time></trkpt><trkpt lat="46.52956900000002" lon="12.004903999999993"><ele>2700.241</ele><time>2026-10-02T17:45:42Z</time></trkpt><trkpt lat="46.52956900000002" lon="12.004973999999992"><ele>2699.438</ele><time>2026-10-02T17:45:47Z</time></trkpt><trkpt lat="46.529566000000024" lon="12.005039999999992"><ele>2698.770</ele><time>2026-10-02T17:45:52Z</time></trkpt><trkpt lat="46.52955800000002" lon="12.005116999999991"><ele>2698.317</ele><time>2026-10-02T17:45:57Z</time></trkpt><trkpt lat="46.52953600000002" lon="12.005180999999991"><ele>2698.009</ele><time>2026-10-02T17:46:02Z</time></trkpt><trkpt lat="46.529549000000024" lon="12.005258999999992"><ele>2698.095</ele><time>2026-10-02T17:46:08Z</time></trkpt><trkpt lat="46.52957500000002" lon="12.005324999999992"><ele>2698.031</ele><time>2026-10-02T17:46:14Z</time></trkpt><trkpt lat="46.52960100000002" lon="12.005390999999992"><ele>2698.142</ele><time>2026-10-02T17:46:20Z</time></trkpt><trkpt lat="46.52960800000002" lon="12.005459999999992"><ele>2698.874</ele><time>2026-10-02T17:46:25Z</time></trkpt><trkpt lat="46.529620000000016" lon="12.005525999999993"><ele>2699.393</ele><time>2026-10-02T17:46:30Z</time></trkpt><trkpt lat="46.529626000000015" lon="12.005602999999992"><ele>2699.562</ele><time>2026-10-02T17:46:36Z</time></trkpt><trkpt lat="46.52959600000001" lon="12.005664999999992"><ele>2699.596</ele><time>2026-10-02T17:46:42Z</time></trkpt><trkpt lat="46.529550000000015" lon="12.005692999999992"><ele>2699.534</ele><time>2026-10-02T17:46:47Z</time></trkpt><trkpt lat="46.52950900000001" lon="12.005722999999993"><ele>2699.692</ele><time>2026-10-02T17:46:52Z</time></trkpt><trkpt lat="46.529463000000014" lon="12.005765999999992"><ele>2699.771</ele><time>2026-10-02T17:46:58Z</time></trkpt><trkpt lat="46.52941400000002" lon="12.005799999999992"><ele>2699.741</ele><time>2026-10-02T17:47:04Z</time></trkpt><trkpt lat="46.52938300000002" lon="12.005849999999992"><ele>2699.915</ele><time>2026-10-02T17:47:09Z</time></trkpt><trkpt lat="46.52934600000002" lon="12.005903999999992"><ele>2700.209</ele><time>2026-10-02T17:47:14Z</time></trkpt><trkpt lat="46.52931100000002" lon="12.005957999999993"><ele>2700.469</ele><time>2026-10-02T17:47:19Z</time></trkpt><trkpt lat="46.52927800000002" lon="12.006020999999993"><ele>2700.575</ele><time>2026-10-02T17:47:24Z</time></trkpt><trkpt lat="46.52924200000002" lon="12.006082999999993"><ele>2700.796</ele><time>2026-10-02T17:47:29Z</time></trkpt><trkpt lat="46.52921000000002" lon="12.006146999999993"><ele>2700.948</ele><time>2026-10-02T17:47:35Z</time></trkpt><trkpt lat="46.52918300000002" lon="12.006204999999992"><ele>2701.047</ele><time>2026-10-02T17:47:40Z</time></trkpt><trkpt lat="46.529161000000016" lon="12.006269999999992"><ele>2701.256</ele><time>2026-10-02T17:47:45Z</time></trkpt><trkpt lat="46.52914000000002" lon="12.006328999999992"><ele>2701.550</ele><time>2026-10-02T17:47:49Z</time></trkpt><trkpt lat="46.52911700000002" lon="12.006391999999993"><ele>2701.788</ele><time>2026-10-02T17:47:54Z</time></trkpt><trkpt lat="46.52910200000002" lon="12.006464999999993"><ele>2701.946</ele><time>2026-10-02T17:47:59Z</time></trkpt><trkpt lat="46.52907200000002" lon="12.006535999999993"><ele>2702.143</ele><time>2026-10-02T17:48:04Z</time></trkpt><trkpt lat="46.529037000000024" lon="12.006583999999993"><ele>2702.364</ele><time>2026-10-02T17:48:08Z</time></trkpt><trkpt lat="46.529006000000024" lon="12.006641999999992"><ele>2702.410</ele><time>2026-10-02T17:48:12Z</time></trkpt><trkpt lat="46.528977000000026" lon="12.006695999999993"><ele>2702.509</ele><time>2026-10-02T17:48:16Z</time></trkpt><trkpt lat="46.52894000000003" lon="12.006751999999993"><ele>2702.666</ele><time>2026-10-02T17:48:21Z</time></trkpt><trkpt lat="46.52891200000003" lon="12.006807999999994"><ele>2702.642</ele><time>2026-10-02T17:48:27Z</time></trkpt><trkpt lat="46.528935000000025" lon="12.006871999999994"><ele>2702.633</ele><time>2026-10-02T17:48:35Z</time></trkpt><trkpt lat="46.528915000000026" lon="12.006936999999994"><ele>2702.665</ele><time>2026-10-02T17:48:45Z</time></trkpt><trkpt lat="46.528952000000025" lon="12.006989999999993"><ele>2702.284</ele><time>2026-10-02T17:48:51Z</time></trkpt><trkpt lat="46.52898800000003" lon="12.007035999999992"><ele>2701.243</ele><time>2026-10-02T17:48:56Z</time></trkpt><trkpt lat="46.52895700000003" lon="12.007090999999992"><ele>2700.217</ele><time>2026-10-02T17:49:02Z</time></trkpt><trkpt lat="46.52891100000003" lon="12.007131999999991"><ele>2699.555</ele><time>2026-10-02T17:49:06Z</time></trkpt><trkpt lat="46.52886000000003" lon="12.007168999999992"><ele>2698.933</ele><time>2026-10-02T17:49:11Z</time></trkpt><trkpt lat="46.52882200000003" lon="12.007210999999993"><ele>2698.516</ele><time>2026-10-02T17:49:15Z</time></trkpt><trkpt lat="46.528795000000024" lon="12.007266999999993"><ele>2698.576</ele><time>2026-10-02T17:49:19Z</time></trkpt><trkpt lat="46.52874800000002" lon="12.007313999999994"><ele>2698.513</ele><time>2026-10-02T17:49:25Z</time></trkpt><trkpt lat="46.52870500000002" lon="12.007361999999993"><ele>2698.509</ele><time>2026-10-02T17:49:30Z</time></trkpt><trkpt lat="46.52866100000002" lon="12.007405999999994"><ele>2698.823</ele><time>2026-10-02T17:49:34Z</time></trkpt><trkpt lat="46.52861400000002" lon="12.007416999999995"><ele>2699.159</ele><time>2026-10-02T17:49:38Z</time></trkpt><trkpt lat="46.52856100000002" lon="12.007405999999994"><ele>2699.480</ele><time>2026-10-02T17:49:43Z</time></trkpt><trkpt lat="46.52850900000002" lon="12.007411999999995"><ele>2699.542</ele><time>2026-10-02T17:49:48Z</time></trkpt><trkpt lat="46.52845600000002" lon="12.007420999999995"><ele>2699.881</ele><time>2026-10-02T17:49:53Z</time></trkpt><trkpt lat="46.52841100000002" lon="12.007409999999995"><ele>2700.550</ele><time>2026-10-02T17:49:58Z</time></trkpt><trkpt lat="46.52836600000002" lon="12.007460999999994"><ele>2701.144</ele><time>2026-10-02T17:50:08Z</time></trkpt><trkpt lat="46.52832100000002" lon="12.007473999999993"><ele>2701.322</ele><time>2026-10-02T17:50:14Z</time></trkpt><trkpt lat="46.52828200000002" lon="12.007517999999994"><ele>2701.370</ele><time>2026-10-02T17:50:19Z</time></trkpt><trkpt lat="46.52823600000002" lon="12.007505999999994"><ele>2701.377</ele><time>2026-10-02T17:50:28Z</time></trkpt><trkpt lat="46.52822700000002" lon="12.007570999999993"><ele>2700.861</ele><time>2026-10-02T17:50:37Z</time></trkpt><trkpt lat="46.52817200000002" lon="12.007580999999993"><ele>2699.527</ele><time>2026-10-02T17:50:45Z</time></trkpt><trkpt lat="46.52812300000002" lon="12.007618999999993"><ele>2697.509</ele><time>2026-10-02T17:50:49Z</time></trkpt><trkpt lat="46.528080000000024" lon="12.007655999999994"><ele>2695.459</ele><time>2026-10-02T17:50:53Z</time></trkpt><trkpt lat="46.528029000000025" lon="12.007682999999993"><ele>2693.995</ele><time>2026-10-02T17:50:58Z</time></trkpt><trkpt lat="46.527981000000025" lon="12.007696999999993"><ele>2693.296</ele><time>2026-10-02T17:51:03Z</time></trkpt><trkpt lat="46.52792700000003" lon="12.007715999999993"><ele>2692.648</ele><time>2026-10-02T17:51:08Z</time></trkpt><trkpt lat="46.527874000000025" lon="12.007739999999993"><ele>2692.077</ele><time>2026-10-02T17:51:13Z</time></trkpt><trkpt lat="46.52783700000003" lon="12.007783999999994"><ele>2691.516</ele><time>2026-10-02T17:51:17Z</time></trkpt><trkpt lat="46.52788700000003" lon="12.007780999999994"><ele>2690.940</ele><time>2026-10-02T17:51:23Z</time></trkpt><trkpt lat="46.527868000000026" lon="12.007850999999993"><ele>2690.378</ele><time>2026-10-02T17:51:32Z</time></trkpt><trkpt lat="46.527843000000026" lon="12.007921999999994"><ele>2689.836</ele><time>2026-10-02T17:51:37Z</time></trkpt><trkpt lat="46.52788900000002" lon="12.007917999999993"><ele>2689.083</ele><time>2026-10-02T17:51:48Z</time></trkpt><trkpt lat="46.52792700000003" lon="12.007880999999992"><ele>2688.225</ele><time>2026-10-02T17:51:52Z</time></trkpt><trkpt lat="46.527961000000026" lon="12.007836999999991"><ele>2687.317</ele><time>2026-10-02T17:51:56Z</time></trkpt><trkpt lat="46.527956000000025" lon="12.007904999999992"><ele>2686.509</ele><time>2026-10-02T17:52:14Z</time></trkpt><trkpt lat="46.52792900000002" lon="12.007961999999992"><ele>2686.260</ele><time>2026-10-02T17:52:19Z</time></trkpt><trkpt lat="46.52790400000002" lon="12.008023999999992"><ele>2685.546</ele><time>2026-10-02T17:52:23Z</time></trkpt><trkpt lat="46.52788200000002" lon="12.008088999999991"><ele>2684.797</ele><time>2026-10-02T17:52:27Z</time></trkpt><trkpt lat="46.52786600000002" lon="12.008154999999991"><ele>2684.389</ele><time>2026-10-02T17:52:31Z</time></trkpt><trkpt lat="46.527853000000015" lon="12.00822499999999"><ele>2683.858</ele><time>2026-10-02T17:52:35Z</time></trkpt><trkpt lat="46.52784000000001" lon="12.008287999999991"><ele>2683.317</ele><time>2026-10-02T17:52:39Z</time></trkpt><trkpt lat="46.52782700000001" lon="12.008356999999991"><ele>2682.951</ele><time>2026-10-02T17:52:43Z</time></trkpt><trkpt lat="46.52780400000001" lon="12.008420999999991"><ele>2682.569</ele><time>2026-10-02T17:52:47Z</time></trkpt><trkpt lat="46.52777400000001" lon="12.008472999999992"><ele>2682.027</ele><time>2026-10-02T17:52:51Z</time></trkpt><trkpt lat="46.52773800000001" lon="12.00852399999999"><ele>2681.578</ele><time>2026-10-02T17:52:55Z</time></trkpt><trkpt lat="46.52770700000001" lon="12.00858099999999"><ele>2681.033</ele><time>2026-10-02T17:52:59Z</time></trkpt><trkpt lat="46.52768600000001" lon="12.008648999999991"><ele>2680.626</ele><time>2026-10-02T17:53:03Z</time></trkpt><trkpt lat="46.52766800000001" lon="12.00871599999999"><ele>2680.209</ele><time>2026-10-02T17:53:07Z</time></trkpt><trkpt lat="46.527653000000015" lon="12.00878299999999"><ele>2679.729</ele><time>2026-10-02T17:53:11Z</time></trkpt><trkpt lat="46.52763200000002" lon="12.00884099999999"><ele>2679.115</ele><time>2026-10-02T17:53:15Z</time></trkpt><trkpt lat="46.52761200000002" lon="12.00877899999999"><ele>2678.616</ele><time>2026-10-02T17:53:21Z</time></trkpt><trkpt lat="46.52756100000002" lon="12.00874899999999"><ele>2678.618</ele><time>2026-10-02T17:53:27Z</time></trkpt><trkpt lat="46.52759000000002" lon="12.00879899999999"><ele>2678.667</ele><time>2026-10-02T17:53:32Z</time></trkpt><trkpt lat="46.52757900000002" lon="12.00886499999999"><ele>2679.116</ele><time>2026-10-02T17:53:36Z</time></trkpt><trkpt lat="46.52755600000002" lon="12.00892399999999"><ele>2680.030</ele><time>2026-10-02T17:53:40Z</time></trkpt><trkpt lat="46.52758300000002" lon="12.008981999999989"><ele>2680.268</ele><time>2026-10-02T17:53:57Z</time></trkpt><trkpt lat="46.52750900000002" lon="12.009012999999989"><ele>2680.256</ele><time>2026-10-02T17:54:16Z</time></trkpt><trkpt lat="46.52752700000002" lon="12.009138999999989"><ele>2680.217</ele><time>2026-10-02T17:54:19Z</time></trkpt><trkpt lat="46.52751700000002" lon="12.009219999999988"><ele>2680.587</ele><time>2026-10-02T17:54:22Z</time></trkpt><trkpt lat="46.52755000000002" lon="12.009165999999988"><ele>2681.315</ele><time>2026-10-02T17:54:23Z</time></trkpt><trkpt lat="46.52759000000002" lon="12.009015999999988"><ele>2682.009</ele><time>2026-10-02T17:54:27Z</time></trkpt><trkpt lat="46.527630000000016" lon="12.008975999999988"><ele>2682.273</ele><time>2026-10-02T17:54:35Z</time></trkpt><trkpt lat="46.527619000000016" lon="12.008911999999988"><ele>2683.439</ele><time>2026-10-02T18:04:24Z</time></trkpt><trkpt lat="46.52750000000002" lon="12.008924999999987"><ele>2683.670</ele><time>2026-10-02T18:04:26Z</time></trkpt><trkpt lat="46.52754200000002" lon="12.009023999999988"><ele>2683.722</ele><time>2026-10-02T18:04:36Z</time></trkpt><trkpt lat="46.52749000000002" lon="12.008854999999988"><ele>2683.611</ele><time>2026-10-02T18:04:37Z</time></trkpt><trkpt lat="46.52751200000002" lon="12.008936999999989"><ele>2683.670</ele><time>2026-10-02T18:04:39Z</time></trkpt><trkpt lat="46.527525000000026" lon="12.009019999999989"><ele>2683.564</ele><time>2026-10-02T18:04:47Z</time></trkpt><trkpt lat="46.52751800000003" lon="12.00891999999999"><ele>2683.532</ele><time>2026-10-02T18:04:56Z</time></trkpt><trkpt lat="46.52750900000003" lon="12.00881799999999"><ele>2683.580</ele><time>2026-10-02T18:05:04Z</time></trkpt><trkpt lat="46.52752000000003" lon="12.008908999999989"><ele>2683.568</ele><time>2026-10-02T18:05:06Z</time></trkpt><trkpt lat="46.52750800000003" lon="12.00897199999999"><ele>2683.442</ele><time>2026-10-02T18:05:30Z</time></trkpt><trkpt lat="46.527468000000034" lon="12.008886999999989"><ele>2683.426</ele><time>2026-10-02T18:06:51Z</time></trkpt><trkpt lat="46.527524000000035" lon="12.00891499999999"><ele>2683.409</ele><time>2026-10-02T18:06:52Z</time></trkpt><trkpt lat="46.52756500000004" lon="12.008872999999989"><ele>2683.578</ele><time>2026-10-02T18:06:59Z</time></trkpt><trkpt lat="46.52761600000004" lon="12.008873999999988"><ele>2683.544</ele><time>2026-10-02T18:07:02Z</time></trkpt><trkpt lat="46.527693000000035" lon="12.008856999999988"><ele>2683.595</ele><time>2026-10-02T18:07:04Z</time></trkpt><trkpt lat="46.527735000000035" lon="12.00880599999999"><ele>2683.487</ele><time>2026-10-02T18:07:07Z</time></trkpt><trkpt lat="46.52759300000004" lon="12.008874999999989"><ele>2683.176</ele><time>2026-10-02T18:07:11Z</time></trkpt><trkpt lat="46.52746100000004" lon="12.00888599999999"><ele>2683.075</ele><time>2026-10-02T18:07:12Z</time></trkpt><trkpt lat="46.52750500000004" lon="12.00890299999999"><ele>2683.099</ele><time>2026-10-02T18:07:14Z</time></trkpt><trkpt lat="46.52754900000004" lon="12.00886499999999"><ele>2682.957</ele><time>2026-10-02T18:07:18Z</time></trkpt><trkpt lat="46.52760300000004" lon="12.00880599999999"><ele>2682.355</ele><time>2026-10-02T18:07:22Z</time></trkpt><trkpt lat="46.52747100000004" lon="12.00874799999999"><ele>2681.027</ele><time>2026-10-02T18:07:23Z</time></trkpt><trkpt lat="46.52749000000004" lon="12.00866799999999"><ele>2680.168</ele><time>2026-10-02T18:07:27Z</time></trkpt><trkpt lat="46.527517000000046" lon="12.00896399999999"><ele>2679.614</ele><time>2026-10-02T18:07:30Z</time></trkpt><trkpt lat="46.52758300000004" lon="12.008855999999989"><ele>2679.609</ele><time>2026-10-02T18:07:37Z</time></trkpt><trkpt lat="46.527630000000045" lon="12.008782999999989"><ele>2679.664</ele><time>2026-10-02T18:07:44Z</time></trkpt><trkpt lat="46.52765400000005" lon="12.008725999999989"><ele>2679.610</ele><time>2026-10-02T18:07:46Z</time></trkpt><trkpt lat="46.52759200000005" lon="12.008818999999988"><ele>2679.611</ele><time>2026-10-02T18:08:05Z</time></trkpt><trkpt lat="46.52756300000005" lon="12.009114999999989"><ele>2679.623</ele><time>2026-10-02T18:08:07Z</time></trkpt><trkpt lat="46.52756800000005" lon="12.009013999999988"><ele>2679.662</ele><time>2026-10-02T18:08:15Z</time></trkpt><trkpt lat="46.527564000000055" lon="12.008946999999988"><ele>2679.691</ele><time>2026-10-02T18:15:11Z</time></trkpt><trkpt lat="46.527525000000054" lon="12.008889999999989"><ele>2679.765</ele><time>2026-10-02T18:48:57Z</time></trkpt><trkpt lat="46.52747500000005" lon="12.008871999999988"><ele>2679.893</ele><time>2026-10-02T18:49:02Z</time></trkpt><trkpt lat="46.52748700000005" lon="12.008948999999987"><ele>2680.951</ele><time>2026-10-02T18:49:19Z</time></trkpt><trkpt lat="46.52750700000005" lon="12.009011999999988"><ele>2681.975</ele><time>2026-10-02T18:49:27Z</time></trkpt><trkpt lat="46.52750700000005" lon="12.009080999999988"><ele>2683.228</ele><time>2026-10-02T18:49:36Z</time></trkpt><trkpt lat="46.52750500000005" lon="12.009013999999988"><ele>2683.420</ele><time>2026-10-02T18:50:12Z</time></trkpt><trkpt lat="46.52750700000005" lon="12.008946999999988"><ele>2683.409</ele><time>2026-10-02T18:50:31Z</time></trkpt><trkpt lat="46.52750700000005" lon="12.008874999999989"><ele>2683.469</ele><time>2026-10-02T18:50:47Z</time></trkpt><trkpt lat="46.52753700000005" lon="12.008927999999989"><ele>2683.415</ele><time>2026-10-02T18:50:54Z</time></trkpt><trkpt lat="46.527564000000055" lon="12.008987999999988"><ele>2683.466</ele><time>2026-10-02T19:10:52Z</time></trkpt><trkpt lat="46.52754600000006" lon="12.009052999999987"><ele>2682.398</ele><time>2026-10-02T19:10:57Z</time></trkpt></trkseg></trk></gpx>